Company Name,Similar Name,Same/Different,Category,Country same or not,Parent same or not,Unnamed: 6
HARRIS COUNTY CSCD,HARRIS COUNTY,same,one word missing,same,,
HARRIS COUNTY CSCD,HARRIS COUNTY ITC,same,last word different,same,,
RICHLAND COUNTY EMERGENCY SERVICES,LANDER COUNTY EMERGENCY SERVICES,different,first word different,same,,
CS RECURSOS GEOTERMICO ICE,CS RECURSOS GEOTAARMICO ICE,same,mispell,same,,
HARRIS COUNTY ITC,HARRIS COUNTY ,same,one word missing,same,,
1ST NATIONAL COMMUNITY BANK,1ST NATIONAL BANK,same,one word missing,same,,
1ST NATIONAL BANK ST LUCIA,1ST NATIONAL BANK,different,last word different,different,,
FIRST NATIONAL BANK AND TRUST,FIRST NATIONAL BANK TRUST,same,one word missing,same,,
1ST NATIONAL COMMUNITY BANK,COMMUNITY FIRST NATIONAL BANK,different,ordering different,same,,
20TH CENTURY FOX FILM,20TH CENTURY FOX CONFIG CTR,same,last word different,same,,
4TH CIRCUIT COURT OF APPEALS,4TH CIRCUIT COURT,same,one word missing,same,,
4TH CIRCUIT COURT OF APPEALS,COURT OF APPEALS 4TH CIRCUIT,same,ordering different,same,,
WOODWARDOHMS,"WOODWARD
",same,,same,,
WORKERS COMPENSATION BOAR,WORKERS COMPENSATION BOARD,same,mispell,same,,
WORKERS COMPENSATION BOARD OF BRITISH COLUMBIA,WORKERS COMPENSATION BOARD OF PRINCE EDWARD ISLAND,different,,same,parent same should be same or different,
5TH CIRCUIT COURT,7TH CIRCUIT COURT,different,,same,,
513TH ELECTRIC WARFARE SQUADRON,5TH ELECTROMAGNETIC WARFARE SQUADRON,different,,same,,
ORIFLAME CHILE,ORIFLAME COLOMBIA,different,,different,,
ORIFLAME DEL ECUADOR,ORIFLAME MEXICO,different,,different,,
ORION,ORIZON,different,,same,,
5 STONES RESEARCH,"FIVE STONES RESEARCH
",same,number as word,same,,
6TH MEDICAL GROUP,6TH MEDICAL GROUP DEFENSE HEALTH AGENCY,same,extra words,same,,
911SISTEMA NACIONAL ATENCION A EMERGENCIAS Y SEGURIDAD,SISTEMA NACIONAL ATENCION A EMERGENCIAS Y SEGURIDAD 911,same,ordering different,same,,
SISTEMA PARA EL DESARROLLO INTEGRAL LA FAMILIA BAJA CA,SISTEMA PARA EL DESARROLLO INTEGRAL LA FAMILIA BAJA CALIFORNIA,same,last word different,same,,
TELEKOM SALES SERVICES SDN,TELEKOM SMART SCHOOL SDN,different,,same,,
DOWNER EDI PROPERTIES,DOWNER EDI SERVICES PTY,different,,same,,subsidiaries
DOWNER EDI WORKS,DOWNER GROUP,different,,same,,subsidiaries
NEW ZEALAD DEFENCE FORCE,NZ DEFENCE FORCE,same,first word different,same,,
NEW ZEALAND POLICE,NEW ZEALAD DEFENCE FORCE,different,,same,,
ASIAN DEVELOPMENT BANK,ASIAN UNION BANK,different,one word different,same,,
BANC D'ORP,BDO UNIBANK,same,short form,same,,
BANCO ORO UNIVERSAL BANK,BDO UNIBANK,same,short form,same,,
BANCO ORO UNIVERSAL BANK,BANC D'ORO UNIVERSAL BANK,same,mispell,same,,
ALEXANDRA HEALTH,ALEXANDRA HOSPITAL,same,last word different,same,,
PARKWAY PANTAI,PARKWAY SHENTON,different,last word different,same,,
19TH JUDICIAL DISTRICT COURT,19TH JUDICIAL CIRCUIT,same,last word different,same,different,
1FLORIDA INTERNATIONAL UNIVERSITY RECREATION C,1FLORIDA INTERNATIONAL UNIVERSITY RECREATION C,same,,same,different,
1ST NATIONAL BANK ST LUCIA,1ST NATIONAL BANK,different,last word different,different,different,
COMMISSIONER OF PUBLIC WORKS,COMMISSIONERS OF PUBLIC WORKS,same,mispell,same,same,
COMMONWEALTH BANK,COMMONWEALTH CAPITAL,different,last word different,different,different,
COMMONWEALTH LAND TITLE,COMMONWEALTH LAND TITLE INSURANCE,same,one word missing,same,same,
COMMONWEALTH COURT OF PA,COMMONWEALTH COURT OF PENNSYLVANIA,same,short form,same,same,
2MI INFORMATICA,2MI TECNOLGOIA E INFORMATICA,same,first and last word similar,same,different,
2S INOVACOES TECNOLOGICAS,2S INOVACOES TECNOLOGICAS,same,exact same ,same,different,
3M COGENT,3M CANADA,different,last word different,different,same,
83 FWS,83 FWS DO4,same,one word missing,same,same,
A R,A R ENGINEERING,same,one word missing,same,same,
A F L A C AGENT,A F L A C,same,one word missing,same,same ,
AAM INCORPORADORA IMOVEIS L,AAM INCORPORADORA IMOVEIS,same,one character missing ,same,same,
ABACUS IT,ABACUS SETTLEMENTS,different,last word different,same,same,
ABBOTT LABOROTORIES,ABBOTT LABS,same,short form,same,same,
ABC NEWS,ABC NEWS RADIO,same,one word missing,same,same,
ACCIDENT FUND,ACCIDENT FUND,different,exact same ,same,different ,
ACE BERMUDA INSURANCE,ACE BERMUDA INSURANCE,different,exact same ,same,different ,
1 ACOS,1 ACOS/SCOT,same,last word different,same,same,
3S NETWORKS EIRELI,3S NETWORKS ME,different,last word different ,same,different,
A P TECHNOLOGY,A M TECHNOLOGY,different,one char different ,same,different,
A R,A R ENGINEERING,same,last word missing,same,same,
A ANGELONI COMPANHIA,A ANGELONI CIA,same,last word different ,same,different,
ADAMS KEEGAN,ADAMS FOAM,different,last word different,same,different,
ADAPTIVE OPTICS,ADAPTIVE OPTICS ASSOCIATES,same,extra word last,same,same,
ADAPTIVE OPTICS,ADAPTIVE INSIGHTS,different,last word different ,same,different,
ADCO INDUSTRIES,ADCO GROUP,different,last word different ,same,different,
ADCOS INDUSTRIAL E COMERCIO,ADCOS INDUSTRIA E COMERCIO,same,misspell,same,same,
ADDOC ADMINISTRACION DOCUMENTOS,ADDOC,same,extra words,same,same,
ADECCO USA,ADECCO TERTIAIRE,same,last word different,same,same,
ADEMCO RES HEADQUARTERS US,ADEMCO,same,extra words,same,same,
ADEXUS PERU,ADEXUS PERU A,same,extra words,same,same,
ADEXUS PERU,ADEXUS CHILE,different,last word different,different,different,
ADIDAS CHILE,ADIDAS ARGENTINA,different,last word different,different,different,
ADIDAS CHILE ,ADIDAS CHILE SUCURSAL DEL PERU,different,extra words,different,different,
ADISTEC BOLIVIA,ADISTEC ARGENTINA,different,last word different,different,different,
ADISTEC MIAMI,ADISTEC ECUADOR,different,last word different,different,different,
ADITIVOS MEXICANOS ADITIVOS MEXICANOS,ADITIVOS MEXICANOS,same,extra words,same,same,
ADM PARAGUAY SRL ADM PARAGUAY,ADM PARAGUAY SRL,different,extra words,same,different,
ADMINISTRACIAAN PORTUARIA INTEGRAL MANZANILLO,ADMINISTRACIAAN PORTUARIA INTEGRAL ENSENADA,different,last word different,same,different,
ADMINISTRACION COMPENSACIONES POR ACCIDENTES AUTOMOVILES,ADMINISTRACION COMPENSACION POR ACCIDENTES AUTOMOVILES,same,one word differnt,same,same,
ADMINISTRACION SEGUROS SALUD PR,ADMINISTRACION SEGUROS SALUD,same,extra words,same,same,
ADMINISTRACION SEGUROS DESALUD PUERTO RICO,ADMINISTRACION SEGUROS SALUD PUERTO RICO,same,misspell,same,same,
ADITUS SRL,ADIUM PHARMA,different,last word different,different,different,
ADMINISTRACION FEDERAL INGRESOS PUBLICOS,ADMINISTRACION FEDERAL INGRESOS PUBLICOSAFIP,different,last word different,same,same,
ADMINISTRACION GENERAL PUERTOS,ADMINISTRACION GENERAL PUERTOS SE,same,one word extra,same,same,
ADMINISTRATIVE OFFICE OF US COURTS,ADMINISTRATIVE OFFICE OF UNITED STATES COURTS,same,short form used,same,same,
ADVANCED COMMUNICATION TECHNOLOGIES,ADVANCED COMMUNICATIONS TECHNOLOGY,same,plural forms used,same,same,
ADVANCED MICRO SERVICES,ADVANCED MICRO DEVICES,different,last word different,same,same,
ADVANCED SCIENCES TECHNOLOGY,ADVANCED SCIENCE TECHNOLOGIES,different,plural forms used,different,different,
ADVANSIX CHESTERFIELD PLANT ADVANSIX,ADVANSIX CHESTERFIELD PLANT,same,extra  words,same,same,
ADVENTIST HEALTH CARE,ADVENTIST HEALTH CARE ADVENTIST HEALTH SYSTEM/SUNBELT,same,extra words ,same,same,
ADVENTIST HEALTH SYSTEM SUNBEL,ADVENTIST HEALTH SYSTEM SUNBELT,same,mis spell,same,same,
ADVOCATE HEALTH AND HOSPITALS A,ADVOCATE HEALTH AND HOSPITALS,same,extra character,same,same,
ADVOCATE HEALTH CARE NETWORK A,ADVOCATE HEALTH CARE NETWORK,same,extra character,same,same,
AEG WORLDWIDE PO 23598,AEG WORLDWIDE PO 24090,different,different numbers,same,same,
AEGON DIRECT MARKETING SERVICES,AEGON DIRECT MARKETING SERVICE,same,plural forms used/mis spell,same,same,
AEQUITAS INNOVATIONS C O Q9,AEQUITAS INNOVATIONS,same,extra character,same,same,
AEROJET ROCKETDYNE HOLDINGS,AEROJET ROCKETDYNE OPERATIONS,same,last word different,same,same,
AFFILIATED COMPUTER SERVICES,AFFILIATED COMPUTER SERVICES I,same,extra character,same,same,
AGENCE METROPOLITAINE TRANSPORTATION,AGENCE METROPOLITAINE TRANSPORTATION RSEAU TRANSPORT MTROPOLITAIN,same,extra words,same,same,
AGENCIA BRASILEIRA INTELIGENCIA ABIN,AGENCIA BRASILEIRA INTELIGENCIA,same,extra words,same,different,
AFLAC DISTRICT OFFFICE,AFLAC DISTRICT OFFICE,same,mis spell,same,same,
AFLAC DISTRICT SALES OFFICE,AFLAC DISTRICT SALES SERVICE,same,last word different,same,same,
AFLAC REGINAL OFFICE,AFLAC REGIONAL OFFICE,same,mis spell,same,same,
SERVICIO EXTREMENO SALUD,SALUD EXTREMADURA,same,1st word missing / sequence changed,,same,
SERVICIO EXTREMENO SALUD,JUNTA EXTREMADURA,different,2 words missing,,same,
HASBRO AUSTRALIA,HASBRO,same,2nd word missing,,same,
HASBRO AUSTRALIA,HASBRO HASBRO,same,last word different,,same,
HASBRO AUSTRALIA,HASBRO INTERNATIONAL,same,last word different,,same,
AMICORP MANAGEMENT INDIA,AMICORP HOLDING,different,last 2 words different,different,different,
AMICORP MANAGEMENT INDIA,AMICORP HOLDINGS,different,last 2 words different,different,different,
AMICORP HOLDING,AMICORP HOLDINGS,same,last character missing,,same,
INDITEX,INDITEX_SA,same,extra characters,,same,
MANTECH INTERNATIONAL,MANTECH MBI,different ,,same,same,Subsidiary/Child companies
MANTECH INTERNATIONAL,MANTECH MSM SECURITY SERVICES,different ,,same,same,Subsidiary/Child companies
MANTECH INTERNATIONAL,MANTECH SECURITY,different ,,same,same,Subsidiary/Child companies
MANTECH INTERNATIONAL,MANTECH SECURITY TECHNOLOGIES,different ,,same,same,Subsidiary/Child companies
MANTECH INTERNATIONAL,MANTECH TELECOMMUNICATIONS AND INFORMATION SYSTEMS,different ,,same,same,Subsidiary/Child companies
MANTECH INTERNATIONAL,MANTECH,different ,,same,same,Subsidiary/Child companies
MANTECH INTERNATIONAL,MANTECH FEDERAL,different ,,same,same,Subsidiary/Child companies
MANTECH INTERNATIONAL,MANTECH ADVANCED SYSTEMS INTERNATIONAL,different ,,same,same,Subsidiary/Child companies
MANTECH INTERNATIONAL,MANTECH COMMAND CONTROL SYSTEMS,different ,,same,same,Subsidiary/Child companies
MANTECH INTERNATIONAL,MANTECH CYBER SOLUTIONS INTERNATIONAL,different ,,same,same,Subsidiary/Child companies
MANTECH INTERNATIONAL,MANTECH ELECTRONICS INTEROPERABILITY SERVICES,different ,,,,Subsidiary/Child companies
CSX,CSX INTERMODAL,different,,,,Subsidiary/Child companies
CSX,CSX TECHNOLOGY,different,,,,Subsidiary/Child companies
CSX,CSX TRANSPORTATION,different,,,,Subsidiary/Child companies
CSX,CAMBODIA SECURITIES EXCHANGE (CSX),different,only abbreviation match,different,different,
AL RUYA BILINGUAL SCHOOL,NEW HORIZONS BILINGUAL SCHOOL,different,2 words different,different,different,
AL RUYA BILINGUAL SCHOOL,SAINT PATRICK BILINGUAL SCHOOL,different,2 words different,different,different,
NORTHROP GRUMMAN SYSTEMS,NORTHROP GRUMMAN SYSTEM,same,last character missing,same,same,
NORTHROP GRUMMAN SYSTEMS,NORTHROP GRUMMAN NORTHROP GRUMMAN SYSTEMS,same,extra word,same,same,
NORTHROP GRUMMAN SYSTEMS,NORTHROP GRUMMAN SYSTEMS COR,same,extra word,same,same,
NORTHROP GRUMMAN SYSTEMS,NORTHROP GRUMMAN SYSTEMS CORPORATIO,same,extra word,same,same,
NORTHROP GRUMMAN SYSTEMS,NORTHROP GRUMMAN SYSTEMS NORTHROP GRUMMAN,same,extra word,same,same,
DXC TECHNOLOGY SERVICES,DXC TECHNOLOGY INDIA,same,,same,,
DXC TECHNOLOGY SERVICES,DXC TECHNOLOGY SERVICES,different,,different,,
DXC TECHNOLOGY SERVICES,DXC TECHNOLOGY NORGE AS,different,,different,different,
DXC TECHNOLOGY SERVICES,DXC TECHNOLOGY SPAIN,different,,different,different,
DXC TECHNOLOGY,DXC TECHNOLOGIES,same,extra characters,same,same,
DXC TECHNOLOGY,DXC TECHNOLOGIES INDIA,different,last word different,different,same,
DXC TECHNOLOGY,DXC TECHNOLOGY (M) SDN,same,last words different,same,same,
DXC TECHNOLOGY,DXC TECHNOLOGY (VPC OPERATIONS),different,last words different,different,same,
DXC TECHNOLOGY,DXC TECHNOLOGY (VPC OPERATIONS) ESHELTER FACILITY SERVICES GMBH,different,last words different,different,same,
DXC TECHNOLOGY AUSTRALIA PTY,DXC TECHNOLOGY AUSTRALIA PTY,different,,different,same,
DXC TECHNOLOGY GERMANY DATACENTER E43,DXC TECHNOLOGY SPAIN,different,,different,same,
DXC TECHNOLOGY GERMANY DATACENTER E43,DXC TECHNOLOGY (VPC OPERATIONS) ESHELTER FACILITY SERVICES GMBH,same,last words different,same,same,
SAMSUNG AUSTIN SEMICONDUCTOR,SAMSUNG ,different,last 2 words missing,same,same,Subsidiary/Child companies
SAMSUNG AUSTIN SEMICONDUCTOR,SAMSUNG ELECTRONICS (SUZHOU) SEMICONDUCTOR,different,,different,same,Subsidiary/Child companies
SAMSUNG CARD,SAMSUNG,different,last word missing,different,same,
INSTITUTO NACIONAL TRAUMATOLOGIA E ORTOPEDIA INTO,INSTITUTO NACIONAL VIAS INVIAS,different,last words missing,different,different,
INSTITUTO NACIONAL TRAUMATOLOGIA E ORTOPEDIA INTO,INSTITUTO NACIONAL TECNOLOGIA INDUSTRIAL,different,last words missing,different,different,
OHIO WESLEYAN UNIVERSITY,OHIO STATE UNIVERSITY,different,1 word different,same,different,
OHIO WESLEYAN UNIVERSITY,OHIO STATE UNIVERSITY MEDICAL CENTER,different,2 words different,same,different,
OXYA,LA POSTE OXYA,different,only last word matching,different,different,
OXYA,OXYA,different,,different,same,
OXYA,OXYA,different,,same,different,
ANHEUSER BUSCH,ANHEUSER BUSCH ANHEUSERBUSCH INCORPORATED,same,extra last 2 words ,same,same,
ANHEUSER BUSCH,ANHEUSERBUSCH,same,missing space,same,same,
ANHEUSER BUSCH,ANHEUSERBUSCH COMPANIES,same,missing space and 1 extra word,same,same,
ANHEUSER BUSCH,ANHEUSERBUSCH INBEV,different,,different,same,
ANHEUSER BUSCH,ANHEUSERBUSCH INBEV ?CHINA?,different,,different,same,
EQUIFAX CANADA,EQUIFAX CANADA,different,,different,same,
EQUIFAX CANADA,EQUIFAX,different,,different,different,
TRIBUNAL JUSTICA DO DISTRITO FEDERAL E TERRITORIOS TJDFT,TRIBUNAL JUSTICA DO DISTRITO FEDERAL E DOS TERRITORIOS,same,last word missing,same,same,
TRIBUNAL JUSTICA DO DISTRITO FEDERAL E TERRITORIOS TJDFT,TRIBUNAL JUSTICA DO DISTRITO FEDERAL,same,last 2 words missing,same,same,
BANFIELD PET HOSPITAL,BANFIELD HOSPITAL,same,1 word missing,same,same,
INTERMEDIA,INTERMEDIX,different,last characters different,same,different,
INTERMEDIA,INTERMEDIA COMUNICACIONES,different,last word different,different,different,
INTERMEDIA,INTERMEDIA HOLDINGS,different,last word different,same,same,Subsidiary/Child companies
INTERMEDIA,INTERMEDIA NET,different,last word different,same,same,Subsidiary/Child companies
INTERMEDIA,INTERMEDIA PARTNERS,different,last word different,same,same,Subsidiary/Child companies
SASKATCHEWAN GOVERNMENT INSURANCE,SASKATCHEWAN GOVERNMENT,same,last word missing,same,same,
SASKATCHEWAN GOVERNMENT INSURANCE,SASKATCHEWAN GOVERNMENT I,same,last word missing,same,same,
BOC INTERNATIONAL HOLDINGS,BOC INTERNATIONAL HONG KONG,same,last word different,same,same,
BOC INTERNATIONAL HOLDINGS,BOC HONG KONG (HOLDINGS),same,,same,same,
BOC INTERNATIONAL HOLDINGS,BOC HONG KONG (GROUP) (HK),same,last words missing,same,same,
NOKIA SHANGHAI BELL,NOKIA SIEMENS NETWORKS (SHANGHAI),same,1 word extra,same,same,
SEOCHO GU OFFICE,SEOCHOGU OFFICE,same,without space,same,same,
SEOCHO GU OFFICE,SEODAEMUNGU OFFICE,same,spelling different,same,same,
SEOCHO GU OFFICE,SEODAEMUNGU CITY MANAGEMENT PUBLIC,same,spelling different,same,same,
EMIRATES NBD,EMIRATES NBD,different,,different,different,
EMIRATES NBD,EMIRATES NBD BANK,different,,different,different,
EMIRATES NBD,EMIRATES OF SAUDI ARABIA,same ,,same,,
YINZHOU BANK,NINGBO YINZHOU RURAL COMMERCIAL BANK,same,,same,same,
BUREAU VERITAS MALI,BUREAU VERITAS,different,,different,same,
BUREAU VERITAS MALI,BUREAU VERITAS HOLDINGS,different,,different,same,
CPC TAIWAN,CPC FINANCE,different,only 1 word matching,different,different,
CPC TAIWAN,CROWN PRINCE COURT CPC,different,only 1 word matching,different,different,
SWISSCOM SCHWEIZ AG,SWISSCOM (SCHWEIZ) AG,same,,same,same,
SWISSCOM SCHWEIZ AG,SWISSCOM AG,same,1 word missing,same,same,
SWISSCOM SCHWEIZ AG,SWISSCOM,same,2 word missing,same,same,
SYSTEX CORPORARTION,SYSTEX,same,1 word missing,same,same,
SYSTEX CORPORARTION,SYTEX,different,,different,different,
SYSTEX CORPORARTION,SYTEX GROUP,different,,different,different,
MITAC COMPUTERKUNSHAN,MITAC COMPUTER (SHUNDE),different,,same,different,
MEO SERVICOS COMUNICACOES EMULTIMEDIA,MEO,same,3 words missing,same,same,
SAUR,SAUR FRANCE,same,1 word extra,same,same,
SAUR,SAUR STEREAU,same,1 word extra,same,same,
DC OFFICE OF CHIEF TECHNOLOGY OFFICER,DC OFFICE OF CTO,same,abbreviation,same,same,
FUJITSU TECHNOLOGY SOLUTIONS GMBH,FUJITSU TECHNOLOGY SOLUTIONS GMBH FJ GCF FI EMEIA,same,extra words at end,same,same,
FUJITSU TECHNOLOGY SOLUTIONS GMBH,FUJITSU TECHNOLOGY SOLUTIONS GMBH FJ GCF FI EMEIAR,same,extra words at end,same,same,
FUJITSU TECHNOLOGY SOLUTIONS GMBH,FUJITSU TECHNOLOGY SOLUTIONS GMBH FTS ORDER FULFIL,same,extra words at end,same,same,
FUJITSU TECHNOLOGY SOLUTIONS GMBH,FUJITSU TECHNOLOGY SOLUTIONS GMBH HERR MARC JUNGEN,same,extra words at end,same,same,
FUJITSU TECHNOLOGY SOLUTIONS GMBH,FUJITSU TECHNOLOGY SOLUTIONS,same,last word missing,same,same,
FUJITSU TECHNOLOGY SOLUTIONS GMBH,FUJITSU TDS GMBH,same,word missing with abbreviation,same,same,
COMSCORE,COMSCORE COMSCORE,same,1st word repeated,same,same,
COMSCORE,COMSCORE NETWORKS,same,last word extra,same,same,
CHINA MOBILE GROUP SICHUAN,CHINA MOBILE GROUP SHANXI,different,last word mismatched,same,different,
UNIVERSITY OF NEBRASKA,UNIVERSITY OF NEBRASKA AT KEARNEY,different,last word extra,same,different,
UNIVERSITY OF NEBRASKA,UNIVERSITY OF NEBRASKA AT LINCOLN,different,last word extra,same,different,
CONAIR,CONAIR,different,,same,different,
CONAIR,CONAIR LL ,same,extra character at end,same,same,
WHOLE FOODS,WHOLE FOODS MARKET LP,same,2 words extra at end,same,same,
WHOLE FOODS,WHOLE FOODS MARKET NA REGION,same,2 words extra at end,same,same,
WHOLE FOODS,WHOLE FOODS MARKET SERVICES,same,1 words extra at en1,same,same,
YASKAWA ELECTRIC AMERICA,YASKAWA AMERICA,same,2nd word missing,same,same,
SPIN VFX,SPIN VFX,different,,different,same,
SPIN VFX,SPIN,different,last word missing,different,same,
URBAN REDEVELOPMENT AUTHORITY,URBAN REDEVELOPMENT AUTHORITY,different,,different,different,
URBAN REDEVELOPMENT AUTHORITY,URBAN RENEWAL AUTHORITY,different,2nd word different,different,different,
HATTHA KAKSEKAR,HATTHA BANK,same,last word different,same,same,
HANGZHOU WATER INDUSTRY GROUP,HANGZHOU WATER GROUP,same,1 word missing,same,same,
HANGZHOU WATER INDUSTRY GROUP,HANGZHOU WATER GROUP XIANGFU WATER PLANT,same,3 words extra,same,same,
SUNCORP CORPORATE SERVICES PTY,SUNCORP,same,3 words missing,same,same,
SUNCORP CORPORATE SERVICES PTY,SUNCORPMETWAY,same,misspelled,same,same,
TIBCO SOFTWARE INDIA,TIBCO,different,2 words missing,different,different,
TIBCO SOFTWARE INDIA,TIBCO SOFTWARE,different,last words missing,different,different,
TIBCO SOFTWARE,TIBCO,same,last word missing,same,same,
ADNOC REFINING,ADNOC REFINING,different,,same,same,
ALBERTS ORGANICS,ALBERT'S ORGANICS,same,One extra character,,,
ALBERTSONS COMPANIES,ALBERTSON'S COMPANIES,same,One extra character,,,
ALCALDIA ENVIGADO,ALCALDIA ENVIGADO,same,,,different name spellings,
ALCALDIA ENVIGADO MUNICIPIO ENVIGADO,ALCALDIA ENVIGADO,same,Last 2 words missing,,,
ALCOA WORLD ALUMINA BRASIL,ALCOA WORLD ALUMINA,different,,different,segment different,
IS GROUP BV,IS GROUP BV,different,,different,same,
IS GROUP BV,IS GROUP BV,same,,same,same,
KONINKLIJKE KPN NV,KONINKLIJKE KPN NV,different,,different,same,
KONINKLIJKE KPN NV,KONINKLIJKE KPN NV,same,,same,same,
KPN,KPN,different,,different,same,
KPN,KPN,same,,same,same,
KPN,KPN BV,different,,different,same,
KPN BV,KPN BV,different,,different,same,
KPN BV,KPN BV,same,,same,same,
KPN BV MOBILE,KPN,different,,different,same,
KPN BV MOBILE,KPN BV,different,,different,same,
KPN BV MOBILE,KPN BV MOBILE,different,,different,same,
KPN CORPORATE MARKET BV,KPN CORPORATE MARKET BV,different,,different,same,
KPN CORPORATE MARKET BV,KPN,different,,different,same,
KPN CORPORATE MARKET BV TAV ACCOUNTS PAYABLE,KPN CORPORATE MARKET BV TAV ACCOUNTS PAYABLE,different,,different,same,
KPN CORPORATE MARKET BV TAV ACCOUNTS PAYABLE,KPN CORPORATE MARKET BV TAV ACCOUNTS PAYABLE,same,,same,same,
KPN CORPORATE MARKET BV TAV ACCOUNTS PAYABLE,KPN,different,,different,same,
KPN EURORINGS BV,KPN EURORINGS BV,different,,different,same,
KPN EURORINGS BV,KPN EURORINGS BV,same,,same,same,
KPN EURORINGS BV,KPN,different,,different,same,
KPN IT SOLUTIONS,KPN IT SOLUTIONS,different,,different,same,
KPN IT SOLUTIONS,KPN,different,,different,same,
KPN ITNL,KPN ITNL,different,,different,same,
KPN ITNL,KPN ITNL,same,,same,same,
KPN ITNL,KPN,different,,different,same,
KPN MOBILE HOLDING BV,KPN MOBILE HOLDING BV,different,,different,same,
KPN MOBILE HOLDING BV,KPN MOBILE HOLDING BV,same,,same,same,
KPN MOBILE HOLDING BV,KPN,different,,different,same,
KPN MOBILE INTERNATIONAL BV,KPN MOBILE INTERNATIONAL BV,different,,different,same,
KPN MOBILE INTERNATIONAL BV,KPN MOBILE INTERNATIONAL BV,same,,same,same,
KPN MOBILE INTERNATIONAL BV,KPN,different,,different,same,
KPN MOBILE NV,KPN MOBILE NV,different,,different,same,
KPN MOBILE NV,KPN MOBILE NV,same,,same,same,
KPN MOBILE NV,KPN,different,,different,same,
KPN TELECOM BV,KPN TELECOM BV,different,,different,same,
KPN TELECOM BV,KPN TELECOM BV,same,,same,same,
KPN TELECOM BV,KPN,different,,different,same,
KPN TELFORT BV,KPN TELFORT BV,different,,different,same,
KPN TELFORT BV,KPN TELFORT BV,same,,same,same,
KPN TELFORT BV,KPN,different,,different,same,
KPN TELFORT BV,KPN TELECOM BV,different,,different,same,
KPN WHOLESALES AFDELING W O WS CUST OMER PERFORMAN,KPN WHOLESALES AFDELING W O WS CUST OMER PERFORMAN,different,,different,same,
KPN WHOLESALES AFDELING W O WS CUST OMER PERFORMAN,KPN WHOLESALES AFDELING W O WS CUST OMER PERFORMAN,same,,same,same,
KPN WHOLESALES AFDELING W O WS CUST OMER PERFORMAN,KPN,different,,different,same,
KPNEURORINGS BV,KPNEURORINGS BV,different,,different,same,
KPNEURORINGS BV,KPNEURORINGS BV,same,,same,same,
KPNEURORINGS BV,KPN,different,,different,same,
ROUTIT BV,ROUTIT BV,different,,different,same,
ROUTIT BV,ROUTIT BV,same,,same,same,
TELFORT BV,TELFORT BV,different,,different,same,
TELFORT BV,TELFORT BV,same,,different,same,
TELFORT SERVICES BV,TELFORT SERVICES BV,different,,different,same,
TELFORT SERVICES BV,TELFORT SERVICES BV,same,,same,same,
TELFORT SERVICES BV,TELFORT BV,different,,different,same,
TELFORT ZAKELIJK BV,TELFORT ZAKELIJK BV,different,,different,same,
TELFORT ZAKELIJK BV,TELFORT ZAKELIJK BV,same,,same,same,
BUDERUS EDELSTAHLWERKE NL BV,BUDERUS EDELSTAHLWERKE NL BV,different,,different,same,
BUDERUS EDELSTAHLWERKE NL BV,BUDERUS EDELSTAHLWERKE NL BV,same,,same,same,
LSV MINERVA,LSV MINERVA,different,,different,same,
LSV MINERVA,LSV MINERVA,same,,same,same,
LUCHTVERKEERSLEID SCHIPHO RAYMOND PIJNENBURG,LUCHTVERKEERSLEID SCHIPHO RAYMOND PIJNENBURG,different,,different,same,
LUCHTVERKEERSLEID SCHIPHO RAYMOND PIJNENBURG,LUCHTVERKEERSLEID SCHIPHO RAYMOND PIJNENBURG,same,,same,same,
LUCHTVERKEERSLEIDING,LUCHTVERKEERSLEIDING,different,,different,same,
LUCHTVERKEERSLEIDING,LUCHTVERKEERSLEIDING,same,,same,same,
LUCHTVERKEERSLEIDING,LUCHTVERKEERSLEID SCHIPHO RAYMOND PIJNENBURG,different,,different,same,
LUCHTVERKEERSLEIDING NEDERLAND,LUCHTVERKEERSLEIDING NEDERLAND,different,,different,same,
LUCHTVERKEERSLEIDING NEDERLAND,LUCHTVERKEERSLEIDING NEDERLAND,same,,same,same,
LUCHTVERKEERSLEIDING NEDERLAND,LUCHTVERKEERSLEIDING,different,,different,same,
LUCHTVERKEERSLEIDING NEDERLAND,LUCHTVERKEERSLEID SCHIPHO RAYMOND PIJNENBURG,different,,,same,
LUCHTVERKEERSLEIDING NEDERLAND MAGAZIJN,LUCHTVERKEERSLEIDING NEDERLAND MAGAZIJN,different,,different,same,
LUCHTVERKEERSLEIDING NEDERLAND MAGAZIJN,LUCHTVERKEERSLEIDING NEDERLAND MAGAZIJN,same,,same,same,
LUCHTVERKEERSLEIDING NEDERLAND MAGAZIJN,LUCHTVERKEERSLEIDING NEDERLAND,different,,different,same,
LUCHTVERKEERSLEIDING NEDERLAND MAGAZIJN,LUCHTVERKEERSLEIDING,different,,,same,
LUCHTVERKEERSLEIDING NEDERLANDS,LUCHTVERKEERSLEIDING NEDERLANDS,different,,different,same,
LUCHTVERKEERSLEIDING NEDERLANDS,LUCHTVERKEERSLEIDING NEDERLANDS,same,,same,same,
LUCHTVERKEERSLEIDING NEDERLANDS,LUCHTVERKEERSLEIDING NEDERLAND MAGAZIJN,different,,different,same,
LUCHTVERKEERSLEIDING NEDERLANDS,LUCHTVERKEERSLEIDING NEDERLAND,different,,,same,
LUCHTVERKEERSLEIDING NEDERLANDS,LUCHTVERKEERSLEIDING,different,,,same,
H PRODUCTFULFILMENT BV,H PRODUCTFULFILMENT BV,different,,different,same,
H PRODUCTFULFILMENT BV,H PRODUCTFULFILMENT BV,same,,same,same,
NEDERLANDS KANKER INSTITUUT,NEDERLANDS KANKER INSTITUUT,different,,different,same,
NEDERLANDS KANKER INSTITUUT,NEDERLANDS KANKER INSTITUUT,same,,same,same,
NKI,NKI,different,,different,same,
NKI,NKI,same,,same,same,
STICHTING BIOMED NKI AVL,STICHTING BIOMED NKI AVL,different,,different,same,
STICHTING BIOMED NKI AVL,STICHTING BIOMED NKI AVL,same,,same,same,
MEDISIZE,MEDISIZE,different,,different,same,
MEDISIZE,MEDISIZE,same,,same,same,
MODULAR LIGHTING NEDERLAND BV,MODULAR LIGHTING NEDERLAND BV,different,,different,same,
MODULAR LIGHTING NEDERLAND BV,MODULAR LIGHTING NEDERLAND BV,same,,same,same,
PHILIPS,PHILIPS,different,,different,same,
PHILIPS,PHILIPS,same,,same,same,
PHILIPS ELECTRONICS NEDERLAND,PHILIPS ELECTRONICS NEDERLAND,different,,different,same,
PHILIPS ELECTRONICS NEDERLAND,PHILIPS ELECTRONICS NEDERLAND,same,,same,same,
PHILIPS ELECTRONICS NEDERLAND,PHILIPS,different,,different,same,
PHILIPS ELECTRONICS NEDERLAND BV,PHILIPS ELECTRONICS NEDERLAND BV,different,,different,same,
PHILIPS ELECTRONICS NEDERLAND BV,PHILIPS ELECTRONICS NEDERLAND BV,same,,same,same,
PHILIPS ELECTRONICS NEDERLAND BV,PHILIPS ELECTRONICS NEDERLAND,different,,different,same,
US FOODSERVICE,US FOOSERVICE,same,spelling error,same,,
US FOREST SERVICE ROCKY MOUNTAIN,US FOREST SERVICE ROCKY MTN,same,short form,same,,
CHINA MOBILE GROUP GUANGXI BAISE BRANCH,CHINA MOBILE GROUP GUANGXI BEIHAI BRANCH,different,different region,same,,
CHINA MOBILE GROUP GUANGXI BAISE BRANCH,CHINA MOBILE GROUP GUANGXI CHONGZUO BRANCH,different,different region,same,,
CHINA MOBILE GROUP GUANGXI BAISE BRANCH,CHINA MOBILE GROUP GUANGXI FANGCHENGGANG BRANCH,different,different region,same,,
CHINA MOBILE GROUP GUANGXI BAISE BRANCH,CHINA MOBILE GROUP GUANGXI GUIGANG BRANCH,different,different region,same,,
CHINA MOBILE GROUP GUANGXI BAISE BRANCH,CHINA MOBILE GROUP GUANGXI GUILIN BRANCH,different,different region,same,,
CHINA MOBILE GROUP GUANGXI BAISE BRANCH,CHINA MOBILE GROUP GUANGXI HECHI BRANCH,different,different region,same,,
CHINA MOBILE GROUP GUANGXI BAISE BRANCH,CHINA MOBILE GROUP GUANGXI HEZHOU BRANCH,different,different region,same,,
CHINA MOBILE GROUP GUANGXI BAISE BRANCH,CHINA MOBILE GROUP GUANGXI LAIBIN BRANCH,different,different region,same,,
CHINA MOBILE GROUP GUANGXI BAISE BRANCH,CHINA MOBILE GROUP GUANGXI LIUZHOU BRANCH,different,different region,same,,
CHINA MOBILE GROUP GUANGXI BAISE BRANCH,CHINA MOBILE GROUP GUANGXI NANNING BRANCH,different,different region,same,,
CHINA MOBILE GROUP GUANGXI BAISE BRANCH,CHINA MOBILE GROUP GUANGXI QINZHOU BRANCH,different,different region,same,,
CHINA MOBILE GROUP GUANGXI BAISE BRANCH,CHINA MOBILE GROUP GUANGXI WUZHOU BRANCH,different,different region,same,,
CHINA MOBILE GROUP GUANGXI BAISE BRANCH,CHINA MOBILE GROUP GUANGXI YULIN BRANCH,different,different region,same,,
CHINA MOBILE GROUP GUANGDONG CHAOZHOU BRANCH,CHINA MOBILE GROUP GUANGDONG DONGGUAN BRANCH,different,different region,same,,
CHINA MOBILE GROUP GUANGDONG CHAOZHOU BRANCH,CHINA MOBILE GROUP GUANGDONG FOSHAN BRANCH,different,different region,same,,
CHINA MOBILE GROUP GUANGDONG CHAOZHOU BRANCH,CHINA MOBILE GROUP GUANGDONG GUANGZHOU BRANCH,different,different region,same,,
CHINA MOBILE GROUP GUANGDONG CHAOZHOU BRANCH,CHINA MOBILE GROUP GUANGDONG HEYUAN BRANCH,different,different region,same,,
CHINA MOBILE GROUP GUANGDONG CHAOZHOU BRANCH,CHINA MOBILE GROUP GUANGDONG HUIZHOU BRANCH,different,different region,same,,
CHINA MOBILE GROUP GUANGDONG CHAOZHOU BRANCH,CHINA MOBILE GROUP GUANGDONG JIANGMEN BRANCH,different,different region,same,,
CHINA MOBILE GROUP GUANGDONG CHAOZHOU BRANCH,CHINA MOBILE GROUP GUANGDONG JIEYANG BRANCH,different,different region,same,,
CHINA MOBILE GROUP GUANGDONG CHAOZHOU BRANCH,CHINA MOBILE GROUP GUANGDONG MAOMING BRANCH,different,different region,same,,
CHINA MOBILE GROUP GUANGDONG CHAOZHOU BRANCH,CHINA MOBILE GROUP GUANGDONG MEIZHOU BRANCH,different,different region,same,,
CHINA MOBILE GROUP GUANGDONG CHAOZHOU BRANCH,CHINA MOBILE GROUP GUANGDONG QINGYUAN BRANCH,different,different region,same,,
CHINA MOBILE GROUP GUANGDONG CHAOZHOU BRANCH,CHINA MOBILE GROUP GUANGDONG SHANTOU BRANCH,different,different region,same,,
CHINA MOBILE GROUP GUANGDONG CHAOZHOU BRANCH,CHINA MOBILE GROUP GUANGDONG SHANWEI BRANCH,different,different region,same,,
CHINA MOBILE GROUP GUANGDONG CHAOZHOU BRANCH,CHINA MOBILE GROUP GUANGDONG SHENZHEN BRANCH,different,different region,same,,
CHINA MOBILE GROUP GUANGDONG CHAOZHOU BRANCH,CHINA MOBILE GROUP GUANGDONG YANGJIANG BRANCH,different,different region,same,,
CHINA MOBILE GROUP GUANGDONG CHAOZHOU BRANCH,CHINA MOBILE GROUP GUANGDONG YUNFU BRANCH,different,different region,same,,
CHINA MOBILE GROUP GUANGDONG CHAOZHOU BRANCH,CHINA MOBILE GROUP GUANGDONG ZHANJIANG BRANCH,different,different region,same,,
CHINA MOBILE GROUP GUANGDONG CHAOZHOU BRANCH,CHINA MOBILE GROUP GUANGDONG ZHAOQING BRANCH,different,different region,same,,
CHINA MOBILE GROUP GUANGDONG CHAOZHOU BRANCH,CHINA MOBILE GROUP GUANGDONG ZHONGSHAN BRANCH,different,different region,same,,
CHINA MOBILE GROUP GUANGDONG CHAOZHOU BRANCH,CHINA MOBILE GROUP GUANGDONG ZHUHAI BRANCH,different,different region,same,,
CHINA MOBILE GROUP FUJIAN NINGDE BRANCH,CHINA MOBILE GROUP FUJIAN PUTIAN BRANCH,different,different region,same,,
CHINA MOBILE GROUP FUJIAN NINGDE BRANCH,CHINA MOBILE GROUP FUJIAN QUANZHOU BRANCH,different,different region,same,,
CHINA MOBILE GROUP FUJIAN NINGDE BRANCH,CHINA MOBILE GROUP FUJIAN SANMING BRANCH,different,different region,same,,
CHINA MOBILE GROUP FUJIAN NINGDE BRANCH,CHINA MOBILE GROUP FUJIAN XIAMEN BRANCH,different,different region,same,,
CHINA MOBILE GROUP FUJIAN NINGDE BRANCH,CHINA MOBILE GROUP FUJIAN ZHANGZHOU BRANCH,different,different region,same,,
CHINA MOBILE GROUP FUJIAN NANPING BRANCH,CHINA MOBILE GROUP FUJIAN NINGDE BRANCH,different,different region,same,,
GUANGZHOU AUTOMOBILE GROUP RND CENTER,GUANGZHOU AUTOMOBILE GROUP FINANCE,different,,same,,
GUANGZHOU AUTOMOBILE GROUP RND CENTER,GUANGZHOU AUTOMOBILE GROUP COMPONENT,different,,same,,
GENERAL COMISSION FOR SURVEY,GENERAL COMMISSION OF SURVEY,same,spelling error,same,,
INSTITUTE OF PUBLIC ADMINISTRATION,INSTITUTE OF PUBLICADMINISTRATION,same,spelling error,same,,
INSTITUTE OF PUBLIC ADMINISTRATIO,INSTITUTE OF PUBLIC ADMINISTRATION,same,spelling error,same,,
IPA INSTITUTE OF PUBLIC ADMINISTRATION,IPAINSTITUTE OF PUBLIC ADMINISTRATION,same,spelling error,same,,
MINISTRY OF COMMUNICATION AND IT,MINISTRY OF COMMUNICATIONS AND INFORMATION TECHNOLOGY MCIT,same,short form,same,,
KKU KING KHALID UNIVERSITY,KING KHALID UNIVERSITYKKU,same,ordering different,same,,
KING KHALED UNIVERSITYKKU,KING KHALED UNIVERSITY (KKU),same,,same,,
KING KHALED UNIVERSITYKKU,KING KHALED UNIVERSITY,same,,same,,
NATIONAL GUARD HEALTH AFFAIRS (NGHA),NATIONAL GUARD HEALTH AFFAIRS NGHA,same,,same,,
MINISTRY OF JUSTICE MOJ,MINISTY OF JUSTICE MOJ,same,spelling error,same,,
MINISTRY OF JUSTICE MOJ,MINISTRY OF JUSTICE (MOJ),same,,same,,
REGIE L ENERGIE,REGIE LENERGIE,different,different,same,,
REFRESCOS BANDEIRANTES INDUSTRIAL E COMERCIO,REFRESCOS BANDEIRANTES INDUSTRY COM,same,,same,,
REFINERIA CARTAGENA,REFINERIA CARTAGENA SAS,same,missing word,same,,
REFINERIA CARTAGA,REFINERIA CARTAGENA SAS,same,spelling error,same,,
REFINERIA CARTAGA,REFINERIA CARTAGENA,same,spelling error,same,,
REED ELSEVIER,REED ELSEVIER TECHNOLOGY SERVICES,same,,same,,
TERREBONNE PARISH CONSOLIDATED,TERREBONNE PARISH CLERK OF COURT,different,,same,,
UNIVERSITI MALAYSIA TERENGGANU,UNIVERSITI MALAYSIA TERENGGANU (UMT),same,,same,,
FELDA PALM INDUSTRIES SDN,FELDA PRODATA SYSTEMS SDN,different,,same,,
CHINA MOBILE GROUP GUANGXI HECHI BRANCH,CHINA MOBILE GROUP GUANGXI HEZHOU BRANCH,different,different region,same,,
CHINA MOBILE GROUP GUANGXI GUIGANG BRANCH,CHINA MOBILE GROUP GUANGXI GUILIN BRANCH,different,different region,same,,
CHINA MOBILE GROUP GUANGXI CHONGZUO BRANCH,CHINA MOBILE GROUP GUANGXI GUIGANG BRANCH,different,different region,same,,
CHINA MOBILE GROUP GUANGXI BEIHAI BRANCH,CHINA MOBILE GROUP GUANGXI CHONGZUO BRANCH,different,different region,same,,
CHINA MOBILE GROUP GUANGXI BAISE BRANCH,CHINA MOBILE GROUP GUANGXI BEIHAI BRANCH,different,different region,same,,
ABEL SMITH SCHOOL ANGELO LUCA,ABEL SMITH SCHOOL WOODHALL CHARITABLE TRUST,different,different region,same,,
YOUR HEALTH CARE,YOUR HEALTHCARE CIC,same,extra space,same,,
YORK AND SCARBOROUGH TEACHING HOSPITALS NHS FOUNDATION TRUST,YORK AND SCARBOROUGH TEACHING HOSPITALS NHS FOUNDATION TRUST,same,,same,,
SDIS 78,SDIS 84,different,,same,,
SDIS 12,SDIS 49,different,,same,,
SDIS 12,SDIS 14,different,,same,,
METZ METROPOLE,METZ METROPOLE DEVELOPPEMENT,same,,same,,
JOAO DANIEL FILMES,JOAO FORTES ENGENHARIA,different,,same,,
JOB CORPS CENTER,JOB CORPS DATA CENTER,same,,same,,
JHSF ADMINIST DO CAT AEROP EXEC,JHSF ADMINISTRADORA DO CATARINA AEROPORTO EXECUTIVO,same,short form,same,,
JHU APL,JHUAPL,same,extra space,same,,
LG ENERGY SOLUTION TECHNOLOGY (NANJING),LG ENERGY SOLUTION BATTERY (NANJING),different,,same,,
LG ENERGY SOLUTION (NANJING),LG ENERGY SOLUTION TECHNOLOGY (NANJING),same,,same,,
LG ELECTRONICS(HUIZHOU),LG ELECTRONICS(KUNSHAN),different,belongs to different region,same,,
LG ELECTRONICS NANJING BATTERY PACK,LG ELECTRONICS NANJING VEHICLE COMPONENTS,different,,same,,
LG CHEM DISPLAY MATERIALS (BEIJING),LG CHEM DISPLAY MATERIALS(BEIJING),same,extra space,same,,
LG CHEM KOREA,LG CHEM CHINA INVESTMENT,different,different,different,,
BANK OF AMERICA MERRIL LYNCH,MERRILL LYNCH ,same,start word different,same,,
MERRILL LYNCH,MERRILL LYNCH EUROPE,same,one word different,same,,
VIRGIN MONEY,VIRGIN MONEY GROUP,same,one word different,same,,
FPT RETAIL,FPT INVESTMENT,different,one word different,same,,
FPT TELECOM INTERNATIONAL,FPT INTERNATIONAL TELECOM,same,ordering different,same,,
SUMITOMO MITSUI ASSET MANAGEME,SUMITOMO MITSUI DS ASSET MANAGEMENT,different,different,,,
LOTTE MITSUI CHEMICALS,MITSUI BUSSAN CHEMICALS,different,,,,
KUMHO MITSUI CHEMICALS,MITSUI BUSSAN CHEMICALS,different,,,,
LOTTE MITSUI CHEMICALS,KUMHO MITSUI CHEMICALS,different,first word different,,,
MITSUI BUSSAN CHEMICALS,MITSUI BUSSAN METALS,different,,,,
SUMITOMO MITSUI DS ASSET MANAGEMENT (HK),SUMITOMO MITSUI DS ASSET MANAGEMENT,same,one word missing,,,
MITSUI SUMITOMO INSURANCE (CHINA),MITSUI SUMITOMO INSURANCE (THAILAND BRANCH),different,belongs to diffferent region,,,
MITSUI SUMITOMO INSURANCE,MITSUI SUMITOMO INSURANCE (CHINA),different,belongs to diffferent region,,,
MITSUI SEAFOODS,MITSUISOKO (U ),different,,,,
PERSAN,OPERSAN RESIDUOS INDUSTRIAIS,different,,,,
SALEM FIVE CENTS SAVINGS,SALEM FIVE CENTS SAVINGS,same,,,,
SALEM FIVE CENTS SAVINGS,SALEM FIVE BANK,different,,,,
SALEM FIVE,SALEM FIVE BANK,same,,,,
TRIBUNAL SUPERIOR ELEITORAL,TRIBUNAL SUPERIOR ELEITORAL TRIBUNAL SUPERIOR ELEITORAL,same,,,,
TRIBUNAL SUPERIOR ELEITORAL,TRIBUNAL SUPREMO ELECCIONES,different,,,,
TRIBUNAL SUPERIOR ELEITORAL,TRIBUNAL SUPREMO ELECTORAL,different,,,,
TRIBUNAL SUPERIOR ELEITORAL,TRIBUNAL SUPERIOR ELEITORAL TSE,same,,,,
TRIBUNE PUBLISHING,TRIBUNE PUBLISHING COLUMBIA DA,same,,,,
TRIDENT COMPUTER RESOURCES,TRIDENT COMPUTER RESOURCES TRIDENT COMPUTER RESOURCES,same,,,,
TRIDENT COMPUTER RESOURCES,TRIDENT AUTOMATION,different,,,,
TRICOT,TRIDIUM,different,,,,
TRICOT,TRIHEALTH,different,,,,
TRICOT,TRIFORSEC,different,,,,
TRIDIUM,TRIHEALTH,different,,,,
TRIDIUM,TRIFORSEC,different,,,,
HIGH TECHNOLOGY INDUSTRIES BV,VIETTEL HIGH TECHNOLOGY INDUSTRIES (VHT),different,,,,
HIGH TECHNOLOGY INDUSTRIES BV,HAVEN HIGH TECHNOLOGY COLLEGE,different,,,,
CASELLA WASTE MGMT,CASELLA WASTE MANAGEMENT,same,,,,
CASELLA WASTE MGMT,CASELLA WASTE MANAGEMENT CASELLA WASTE MANAGEMENT,same,,,,
CASELLA WASTE MGMT,CASELLA WASTE SYSTEMS,same,,,,
CASELLA WASTE MGMT,CASELLA WASTE SYSTEMS CASILLA WASTE SYSTEMS,same,,,,
CASELLA WASTE SYSTEMS,CASELLA WASTE SYSTEMS CASILLA WASTE SYSTEMS,same,,,,
BANCO COMPARTAMOS,BANCO CONSORCIO,different,,,,
BANCO CONTINENTAL SAECA,BANCO CONTINENTAL SAECA BANCO CONTINENTAL SAECA,same,,,,
BANCO CONTINENTAL SAECA,BANCO COOPERATIVO SICREDI,different,,,,
EMPRESA MUNICIPAL INFORMATICA,EMPRESA NACIONAL AUTOPISTA,different,,,,
EMPRESA PORTUARIA NACIONAL SANTO TOMAS CASTILLA,EMPRESA PORTUARIA NACIONAL SANTO TOMAS CASTILLAS,same,,,,
EMPRESA PORTUARIA NACIONAL SANTO TOMAS CASTILLA,EMPRESA PORTUARIA NACIONAL SANTO TOMAS CASTILLA EMPORNAC,same,,,,
EMPRESA PUBLICA DEL AGUA,EMPRESA PUBLICA DEL AGUA EPA EP,same,,,,
EMPRESA NACIONAL TELECOMUNICACIONES,EMPRESA NACIONAL TELECOMUNICACIONES SOCIEDAD,same,,,,
EMPRESA NACIONAL TELECOMUNICACIONES,EMPRESA NACIONAL DEL PETROLEO,different,,,,
EMPRESA NACIONAL TELECOMUNICACIONES,EMPRESA NACIONAL INNOVACION,different,,,,
ENAIRE,ENISA,different,,,,
EPA,EPA RTPNC,same,,,,
EP MINERALS,EP SOLUTIONS,different,,,,
HELLMANN WORLDWIDE LOGISTIC GMBH KG,HELLMANN WORLDWIDE LOGISTICS GMBH KG,same,,,,
HELLMANN WORLDWIDE LOGISTIC GMBH KG,HELLMANN WORLWIDE LOGISTICS GMBH KG,same,,,,
JACKIE HAND,JACKIE MILLMAN,different,,,,
UNIVERSO ONLINE,UOL UNIVERSO ONLINE,same,,,,
HYUNDAI GLOVIS,HYUNDAI HYSCO USA,different,,,,
HYUNDAI GLOVIS,SAINT JOHN HYUNDAI,different,,,,
BEIJING HYUNDAI AUTO FINANCE,BEIJING HYUNDAI AUTO RENTAL,different,,,,
BEIJING HYUNDAI MOTOR,BEIJING HYUNDAI TRANSYS,different,,,,
FONDO NACIONAL SALUD,FONDO NACIONAL SALUD FONASA,same,,,,
FONDO NACIONAL PARA EL FOMENTO LAS ARTES,FONDO NACIONAL PARA EL FOMENTO LAS ARTESANIAS,same,,,,
MG INSURANCE,MG NONLIFE INSURANCE,different,,,,
DIGITAL HEALTH AND CARE WALES,AUSTRALIAN DIGITAL HEALTH AGENCY,different,,,,
ABC WAREHOUSE,ABC TV NETWORK,different,,,,
ABC WAREHOUSE,ABC NEWS,different,,,,
ABC WAREHOUSE,ABC NEWS RADIO,different,,,,
ABC WAREHOUSE,ABC SERVICES,different,,,,
NTT DATA,NTT DATA EMEA,same,,,,
NTT DATA,NTT DATA UK,same,,,,
US SPECIAL OPERATIONS COMMAND,US SPECIAL OPERATIONS COMMAND CENTRAL,same,,,,
US SPECIAL OPERATIONS COMMAND,US SPECIAL OPERATIONS COMMAND US SPECIAL OPERATIONS COMMAND,same,,,,
US STATE DEPARTMENT DIPLOMATIC SECURITY,US STATE DEPARTMENT OFFICE OF ACQ,different,,,,
SECRETARIA DA FAZENDA SAO PAULO,SECRETARIA DA FAZENDA GOIAS,different,,,,
SECRETARIA DA FAZENDA SAO PAULO,SECRETARIA DA FAZENDA PERNAMBUCO,different,,,,
SECRETARIA DA FAZENDA DO ESTADO DO RIO JANEIRO,SECRETARIA DA FAZENDA DO ESTADO DO RIO GRANDE DO SUL,different,,,,
DHS OFFICE OF INSPECTOR GENERAL,DHS OFFICE OF INTELLIGENCE AND ANALYSIS,different,,,,
DHS OFFICE OF INSPECTOR GENERAL,DHS OFFICE OF CHIEF INFORMATION OFFICER,different,,,,
DHS ICE,DHS ICE HSI ICE,same,,,,
FEDERAL BUREAU OF INVESTIGATION,FEDERAL BUREAU OF INVESTIGATION FEDERAL BUREAU OF INVESTIGATION,same,,,,
FEDERAL BUREAU OF PRISON,FEDERAL BUREAU OF PRISONS,same,,,,
MINISTERIO DO DESENVOLVIMENTO AGRARIO,MINISTERIO DO DESENVOLVIMENTO AGRARIO MDA,same,,,,
MINISTERIO DO TRABALHO E EMPREGO,MINISTERIO DO TRABALHO E EMPREGO MTE,same,,,,
MINISTERIO DO TRABALHO E EMPREGO MTE,MINISTERIO DO TRABALHO E EMPREGO ,same,,,,
STULZ AIR TECHNOLOGY SYSTEMS,STULZ AIR TECHNOLOGY SYSTEMS SHANGHAI,same,,,,
BEIJING HORIZON INFORMATION TECHNOLOGY,BEIJING HORIZON ROBOTICS TECHNOLOGY R&D,different,,,,
IDAMENEO NO 123 PTY,IDAMENEO NO 123 PTY,same,,,,
ZHENJIANG FIRST PEOPLES HOSPITAL,ZHENJIANG FIRST PEOPLE'S HOSPITAL,same,,,,
FINANZ INFORMATIK TECHNOLOGIE SERVICE GMBH KG,FINANZ INFORMATIK TECHNOLOGIE SERVICE,same,,,,
FINANZ INFORMATIK TECHNOLOGIE SERVICE GMBH KG,FINANZ INFORMATIK GMBH KG,same,,,,
PHOENIX,PHOENIX ASSURANCE,same,,,,
PMO,PMO PRIME MINISTERS OFFICE,same,,,,
PMO PRIME MINISTERS OFFICE,PMOPRIME MINISTER OFFICE,same,,,,
PMO PRIME MINISTERS OFFICE,PRIME MINISTER OFFICE,same,,,,
PRIME MINISTERS OFFICE,PRIME MINISTER'S OFFICE,same,,,,
PRIME MINISTERS OFFICE,PRIME MINISTERS OFFICE PMO,same,,,,
PMO PRIME MINISTERS OFFICE,PRIME MINISTERS OFFICE PMO,same,,,,
EVEREST CLINICAL RESEARCH,EVEREST CLINICAL RESEARCH SERVICE,same,,,,
EVEREST CLINICAL RESEARCH,EVEREST PARTICIPACOES,different,,,,
EVEREST CLINICAL RESEARCH,EVEREST REINSURANCE,different,,,,
HARMONIC,PHILHARMONIC FISHERIES (QINGDAO),different,,,,
PERSONAL SERVICE RECURSOS HUMANOS ASSESSORIA EMPR,PERSONAL SERV REC HUM ASSE EMPRES,same,,,,
PERSONAL SERVICE RECURSOS HUMANOS ASSESSORIA EMPR,PERSONAL SERVICE RECURSOS HUMANOS ASSESSORIA EMPRESARIAL,same,,,,
PERSONAL SERVICE RECURSOS HUMANOS ASSESSORIA EMPRESARIAL,PERSONAL SERV REC HUM ASSE EMPRES,same,,,,
PERSONNEL RECOVERY ACADEMY,PERSONNEL RECOVERY ACADEMY RECOVERY ACADEMY,same,,,,
KOC SISTEM BILGI ILETISIM,KOC SISTEM BILGI ILETISIM HIZMAS,same,,,,
KOC SISTEM BILGI ILETISIM,KOCSISTEM,same,,,,
KOC SISTEM BILGI ILETISIM,KOCSISTEM BILGI VE ILETISIM HIZMETLERI AS,same,,,,
MAURITIUS COMMERCIAL BANK ,MAURITIUS COMMERCIAL BANK CONSULTING SERVICES,same,,,,
TAISHAN PROPERTY INSURANCE,BEIJING POP MART CULTURAL CREATIVE CORPLTD,different,,,,
NCSOFT,M C SPECIALTIES,different,,,,
CUNY YORK COLLEGE,C J CLARK INTERNATIONAL,different,,,,
CUNY YORK COLLEGE,RUN RATE MARZO Q4FY15,different,,,,
CARDIF SERVICIOS,HOTELF 1 TOULOUSE RAMONVILLE,different,,,,
ARAB JORDAN INVESTMENT BANK,REDWOOD COAST DEVELOPMENT SERVICES,different,,,,
TIANJIN ZHONGHUAN SEMICONDUCTOR,KB KUBAN KREDIT,different,,,,
AEROJET ROCKETDYNE WEST,MID HUDSON CABLEVISION,different,,,,
CARLYLE GROUP,ALBERTA HEALTH REGIONS,different,,,,
OFFICE OF INSURANCE COMMISSION,BRITISH RED CROSS SOCIETY,different,,,,
NATIONAL BANK OF UKRAINE,CMCORP SOLUCOES EM INFORMATICA,different,,,,
QATAR OLYMPIC COMMITTEE,PROVIDENT BANK,different,,,,
ZAIN KUWAIT,RABOBANK STAD EN MIDDEN GRONINGEN,different,,,,
UTTAM GALVA STEELS,PAN ASIA TECHNICAL AUTOMOTIVE CENTER,different,,,,
INVENTORY LOCATOR SERVICE,OKBM,different,,,,
YANCHENG DONGSHAN PRECISION MANUFACTURING,SKATTEDIRETORATET SKATTEETATEN,different,,,,
DHL INFORMATION SERVICES EUROPE SRO,ORANGE CENTRAL AFRICAN REPUBLIC,different,,,,
SHANGHAI INASERVICE INFORMATION TECHNOLOGY,KEARNY FIRE DEPARTMENT,different,,,,
T SYSTEMS INTERNATIONAL GMBH PG8108,GESPAG OO GESUNDHEITS UND SPITALS AG,different,,,,
CONSTELLATION BRANDS,ARCELOR MITTAL DUNKERQUE,different,,,,
FOUNDER FUBON FUND MANAGEMENT,GE ENERGY MANUFACTURING,different,,,,
AMIL ASSISTENCIA MEDICA INTERNACIONAL,AYUNTAMIENTO BARCELONA,different,,,,
MSCI,JARDIM ESCOLA CRESCIMENTO,different,,,,
TAKAFUL IKHLAS FAMILY BERHAD,SHROPSHIRE COMMUNITY HEALTH NH,different,,,,
GUARDIAN SAVINGS BANK,MANUFACTURAS INDUSTRIALES,different,,,,
NEWFOLD DIGITAL,JSC UMMCOCM,different,,,,
MINISTERIO DO DESENVOLVIMETO REGIONAL,DIGITAL AUDIO DISC,different,,,,
RIYAD BANK,AIR PRODUCTS CHEMICALS,different,,,,
UTAC DONGGUAN,GENERAL MILLS,different,,,,
CHILDRENS WOMENS HEALTH CENTER OF BC,HUMAN HORIZONS HOLDINGS (SHANGHAI),different,,,,
BLUE CROSS BLUE SHIELD OF KANSAS CITY,SANOFIAVENTIS,different,,,,
PT IONPAY NETWORKS,GOVERNMENT OF JAMAICA,different,,,,
KALIXA,CITY OF FREDERICKSBURG,different,,,,
RADIANT OPTOELECTRONICS,STMICROELECTRONICS NV,different,,,,
NANHAI MATERNITY CHILD HEALTHCARE HOSPITAL OF FOSHAN,TRINTECH INTERNATIONAL,different,,,,
AWE,KPMG,different,,,,
INFRAMERICA AEROPORTO INTERNACIONAL,AXIAN GROUP,different,,,,
BANGKOK SYNTHETICS,DEER HEAD HOSPITAL CENTER,different,,,,
TERADATA,PUBLICIDAD VIRTUAL,different,,,,
DUBLIN AIRPORT AUTHORITY,PROPERTY MANAGEMENT ASSOCIATES USC,different,,,,
MILAHA QATAR NAVIGATION QPSC,SCHWING AMERICA,different,,,,
CHINA MOBILE GROUP ZHEJIANG,RESCHINI GROUP,different,,,,
I D I INSURANCE,IBIS BUDGET TOUEN CENTER RIVE GAUCH,different,,,,
BURSATEC,PONTIFICAL COLLEGE JOSEPHINUM,different,,,,
MASS PORT AUTHORITY,VANNER,different,,,,
AYSA,ZAOQI FINANCIAL LEASING,different,,,,
GT SOLUTION,ENGICOM,different,,,,
SASKATCHEWAN GOVERNMENT INSURANCE,DECKERS OUTDOOR,different,,,,
DIREKTORAT JENDERAL ADMINISTRASI HUKUM UMUM,CONTAR ASSESSORIA CONTABIL,different,,,,
NICE CREDIT INFORMATION SERVICE,BEIJING 27 RAILWAY ROLLING STOCK,different,,,,
KOREA INSTITUTE OF PUBLIC FINANCE,CONNECTICARE,different,,,,
KEMENTERIAN PERDAGANGAN ANTARABANGSA DAN INDUSTRI,DISTRIBUIDORA TOYOTA A,different,,,,
RAIFFEISEN BANKA AD,ATTORNEY GENERAL HAWAII DEPARTMENT OF,different,,,,
TATA COMMUNICATIONS,SAUDI ARAMCO GHAWAR PRODUCING,different,,,,
DAEWON PHARMACEUTICAL,SEGUROS MONTERREY NEW YORK LIFE,different,,,,
TREASURY,YARGICI,different,,,,
MILLENNIUM PARTNERS LP,CHINA RAILWAY SIXTH GROUP,different,,,,
TAWAZUN ECONOMIC COUNCIL,LIBERTY CABLEVISION OF PUERTO RICO LIBERTY CABLEVISION OF PUERTO RICO,different,,,,
RADIAL,DELAWARE VALLEY SCHOOL DISTRICT,different,,,,
ACI INFORMATICA SPA,PREFEITURA MUNICIPAL CAMPO GRANDE,different,,,,
GTN CMC HOLDING BV,RICK MANSON,different,,,,
RENAULT USINES FRANCE,CHAUCER UNDERWRITING SERVICES,different,,,,
CHINA MOBILE GROUP ANHUI,CISION US,different,,,,
BANK OF OKLAHOMA,SOFTICS INGENIEROS SAS,different,,,,
EMPF PLATFORM,MIDDLESBROUGH COUNCIL,different,,,,
HONG KONG POLICE FORCE,SACRED HEART MEDICAL GROUP SACRED HEART HEALTH SYSTEM,different,,,,
UNITED STATES GOVERNMENT,RESEARCH FOUNDATION OF STATE UNIVERSITY OF NEW YORK,different,,,,
STATE VOLUNTEER MUTUAL INSURANCE,"JSC ""NATIONAL CABLE NETWORKS""",different,,,,
AMANA COOPERATIVE INSURANCE,NIPSCO,different,,,,
EDEKA SUDBAYERN HANDELS STIFTUNG KG,ABOUTNET CONSULTING REPRESENTACAO L,different,,,,
PUBLISHING HOUSE OF ELECTRONICS INDUSTRY,STJ SUPERIOR TRIBUNAL JUSTICA,different,,,,
UPS STORE,GRAND TETON NATIONAL PARK,different,,,,
WUHAN XINXIN SEMICONDUCTORMANUFACTURING,SAMSUNG SDI,different,,,,
SAMBA BANK,SICOOB COPERMEC,different,,,,
TOWASUZHOUCO,TATWEER PETROLEUM,different,,,,
XP INVESTIMENTOS CORRETORA CAMBIO TITULOS E VALORES MOBILIARIOS,BANK OF JIANGSU YANCHENG BRANCH,different,,,,
ION TRADING UK,MITSUI CHILE,different,,,,
CENTRO INFORMATICO MUNICIPAL BILBAO CIMUBISA,H STERN COMERCIO E INDUSTRIAL,different,,,,
NEOM,SHANGHAI TOBACCO MACHINERY,different,,,,
AEGIS MEDIA,NORTHROP GRUMMAN GUIDANCE AND ELECTRONICS,different,,,,
BARWA REAL ESTATE GROUP,ZAGERAL,different,,,,
CIMB THAI PCL,FRB RICHMOND,different,,,,
FOSSIL COMMERCIAL SHENZHEN LTDDONGGUAN OFFICE,TVSBT CANAL 4 SAO PAULO,different,,,,
BANQUE MISR,JOHN STARK HIGH SCHOOL,different,,,,
TAWAZUN ECONOMIC COUNCIL,CITY OF MONMOUTH,different,,,,
TUNISIE TELECOM DCSI,UMNIAH TELECOM TECHNOLOGIES,different,,,,
EVA AIRWAYS,LEIGHTON MIDDLE SCHOOL,different,,,,
CATALENT PHARMA SOLUTIONS,TECHNASSOCIATES,different,,,,
GLOBALFOUNDRIES DRESDEN MODULE TWO KG,MAGYAR NEMZETI VAGYONKEZELO ZARTKORUEN MUKODO RESZVENYTARSASAG,different,,,,
GOIAS ASSEMBLEIA LEGISLATIVA DO ESTADO GOIAS,CAPITAL BANK,different,,,,
UNITED HEALTH GROUP,BURKE HERBERT BANK,different,,,,
SKY UK,TIVIT TERCEIRIZACAO PROCESSOS SERVICOS ETECNOLOGIA A,different,,,,
MBANK,TECH EXCELLENCE OFFICE,different,,,,
ZHEJIANG RURAL CREDIT UNION,CERNER CERNER,different,,,,
SANDISK INDIA DEVICE DESIGN CENTER,VIDA PLENA (OPERADORA PENSIONES DEL MAGISTERIO NACIONAL),different,,,,
CHIFENG JILONG GOLD MINING,SHANGHAI AUTOMOTIVE INDUSTRY DEVELOPING,different,,,,
FEDERAL AUTHORITY FOR IDENTITY AND CITIZENSHIP ICA,TOSHIBA ELEVATOR AND BUILDING SYSTEMS,different,,,,
POSTFINANCE AG,SERVICIO NACIONAL MIGRACION,different,,,,
VODACOM PTY,36TH DISTRICT COURT,different,,,,
KING ABDULLA MEDICAL CITY KAMC,AT&T SOLUTIONS,different,,,,
