Company Name,Similar Name,Target,Simple Ratio,partial Ratio,Token Sort Ratio,Token Set Ratio,word match percentage,first word match,last word match,character_matching_percentage,cosine similarity
HARRIS COUNTY CSCD,HARRIS COUNTY,1,84,100,84,100,66.66666666666666,True,False,72.22222222222221,0.816496580927726
HARRIS COUNTY CSCD,HARRIS COUNTY ITC,1,86,94,74,87,50.0,True,False,83.33333333333334,0.6666666666666669
RICHLAND COUNTY EMERGENCY SERVICES,LANDER COUNTY EMERGENCY SERVICES,0,91,97,91,91,60.0,False,True,2.941176470588235,0.75
CS RECURSOS GEOTERMICO ICE,CS RECURSOS GEOTAARMICO ICE,1,94,92,94,94,60.0,True,True,59.25925925925925,0.75
HARRIS COUNTY ITC,HARRIS COUNTY ,1,90,100,87,100,66.66666666666666,True,False,82.35294117647058,0.816496580927726
1ST NATIONAL COMMUNITY BANK,1ST NATIONAL BANK,1,77,87,77,100,75.0,True,True,48.148148148148145,0.8660254037844388
1ST NATIONAL BANK ST LUCIA,1ST NATIONAL BANK,0,79,100,79,100,60.0,True,False,65.38461538461539,0.7745966692414834
FIRST NATIONAL BANK AND TRUST,FIRST NATIONAL BANK TRUST,1,93,89,93,100,80.0,True,True,72.41379310344827,0.8944271909999159
1ST NATIONAL COMMUNITY BANK,COMMUNITY FIRST NATIONAL BANK,0,57,74,82,93,60.0,False,True,3.4482758620689653,0.75
20TH CENTURY FOX FILM,20TH CENTURY FOX CONFIG CTR,1,79,89,79,86,50.0,True,False,62.96296296296296,0.6708203932499369
4TH CIRCUIT COURT OF APPEALS,4TH CIRCUIT COURT,1,76,100,76,100,60.0,True,False,60.71428571428571,0.7745966692414834
4TH CIRCUIT COURT OF APPEALS,COURT OF APPEALS 4TH CIRCUIT,1,57,73,100,100,100.0,False,False,3.571428571428571,0.9999999999999999
WOODWARDOHMS,"WOODWARD
",1,76,94,80,80,0.0,False,False,66.66666666666666,0.0
WORKERS COMPENSATION BOAR,WORKERS COMPENSATION BOARD,1,98,100,98,98,50.0,True,False,96.15384615384616,0.6666666666666669
WORKERS COMPENSATION BOARD OF BRITISH COLUMBIA,WORKERS COMPENSATION BOARD OF PRINCE EDWARD ISLAND,0,75,81,60,77,44.44444444444444,True,False,66.0,0.6172133998483676
5TH CIRCUIT COURT,7TH CIRCUIT COURT,0,94,97,94,94,50.0,False,True,94.11764705882352,0.6666666666666669
513TH ELECTRIC WARFARE SQUADRON,5TH ELECTROMAGNETIC WARFARE SQUADRON,0,87,81,87,87,33.33333333333333,False,True,5.555555555555555,0.5
ORIFLAME CHILE,ORIFLAME COLOMBIA,0,71,85,71,73,33.33333333333333,True,False,58.82352941176471,0.4999999999999999
ORIFLAME DEL ECUADOR,ORIFLAME MEXICO,0,69,77,69,70,25.0,True,False,50.0,0.408248290463863
ORION,ORIZON,0,91,80,91,91,0.0,False,False,50.0,0.0
5 STONES RESEARCH,"FIVE STONES RESEARCH
",1,84,94,86,94,50.0,False,True,0.0,0.816496580927726
6TH MEDICAL GROUP,6TH MEDICAL GROUP DEFENSE HEALTH AGENCY,1,61,100,61,100,50.0,True,False,43.58974358974359,0.7071067811865477
911SISTEMA NACIONAL ATENCION A EMERGENCIAS Y SEGURIDAD,SISTEMA NACIONAL ATENCION A EMERGENCIAS Y SEGURIDAD 911,1,94,97,86,99,66.66666666666666,False,False,5.454545454545454,0.7302967433402215
SISTEMA PARA EL DESARROLLO INTEGRAL LA FAMILIA BAJA CA,SISTEMA PARA EL DESARROLLO INTEGRAL LA FAMILIA BAJA CALIFORNIA,1,93,100,93,97,80.0,True,False,87.09677419354838,0.8888888888888891
TELEKOM SALES SERVICES SDN,TELEKOM SMART SCHOOL SDN,0,68,67,68,68,33.33333333333333,True,True,46.15384615384615,0.5
DOWNER EDI PROPERTIES,DOWNER EDI SERVICES PTY,0,73,80,77,77,40.0,True,False,47.82608695652174,0.5773502691896258
DOWNER EDI WORKS,DOWNER GROUP,0,57,74,57,67,25.0,True,False,43.75,0.408248290463863
NEW ZEALAD DEFENCE FORCE,NZ DEFENCE FORCE,1,80,93,80,90,40.0,False,True,8.333333333333332,0.5773502691896258
NEW ZEALAND POLICE,NEW ZEALAD DEFENCE FORCE,0,67,77,62,67,16.666666666666664,True,False,45.83333333333333,0.2886751345948129
ASIAN DEVELOPMENT BANK,ASIAN UNION BANK,0,68,55,68,77,50.0,True,True,27.27272727272727,0.6666666666666669
BANC D'ORP,BDO UNIBANK,1,29,46,29,29,0.0,False,False,9.090909090909092,0.0
BANCO ORO UNIVERSAL BANK,BDO UNIBANK,1,57,62,40,40,0.0,False,False,4.166666666666666,0.0
BANCO ORO UNIVERSAL BANK,BANC D'ORO UNIVERSAL BANK,1,94,92,94,94,33.33333333333333,False,True,16.0,0.75
ALEXANDRA HEALTH,ALEXANDRA HOSPITAL,1,76,81,76,76,33.33333333333333,True,False,61.111111111111114,0.4999999999999999
PARKWAY PANTAI,PARKWAY SHENTON,0,69,74,48,69,33.33333333333333,True,False,53.333333333333336,0.4999999999999999
19TH JUDICIAL DISTRICT COURT,19TH JUDICIAL CIRCUIT,1,78,83,78,78,40.0,True,False,57.14285714285714,0.5773502691896258
1FLORIDA INTERNATIONAL UNIVERSITY RECREATION C,1FLORIDA INTERNATIONAL UNIVERSITY RECREATION C,1,100,100,100,100,100.0,True,True,100.0,1.0
1ST NATIONAL BANK ST LUCIA,1ST NATIONAL BANK,0,79,100,79,100,60.0,True,False,65.38461538461539,0.7745966692414834
COMMISSIONER OF PUBLIC WORKS,COMMISSIONERS OF PUBLIC WORKS,1,98,96,98,98,60.0,False,True,41.37931034482759,0.75
COMMONWEALTH BANK,COMMONWEALTH CAPITAL,0,76,88,76,83,33.33333333333333,True,False,70.0,0.4999999999999999
COMMONWEALTH LAND TITLE,COMMONWEALTH LAND TITLE INSURANCE,1,82,100,82,100,75.0,True,False,69.6969696969697,0.8660254037844388
COMMONWEALTH COURT OF PA,COMMONWEALTH COURT OF PENNSYLVANIA,1,83,98,83,93,60.0,True,False,67.64705882352942,0.75
2MI INFORMATICA,2MI TECNOLGOIA E INFORMATICA,1,70,89,70,100,50.0,True,True,17.857142857142858,0.816496580927726
2S INOVACOES TECNOLOGICAS,2S INOVACOES TECNOLOGICAS,1,100,100,100,100,100.0,True,True,100.0,1.0000000000000002
3M COGENT,3M CANADA,0,56,67,56,56,33.33333333333333,True,False,44.44444444444444,0.4999999999999999
83 FWS,83 FWS DO4,1,75,100,75,100,66.66666666666666,True,False,60.0,0.816496580927726
A R,A R ENGINEERING,1,33,100,33,100,66.66666666666666,True,False,20.0,0.0
A F L A C AGENT,A F L A C,1,75,100,75,100,80.0,True,False,60.0,0.0
AAM INCORPORADORA IMOVEIS L,AAM INCORPORADORA IMOVEIS,1,96,100,96,100,75.0,True,False,92.5925925925926,1.0000000000000002
ABACUS IT,ABACUS SETTLEMENTS,0,59,88,59,80,33.33333333333333,True,False,38.88888888888889,0.4999999999999999
ABBOTT LABOROTORIES,ABBOTT LABS,1,73,95,73,73,33.33333333333333,True,False,52.63157894736842,0.4999999999999999
ABC NEWS,ABC NEWS RADIO,1,73,100,73,100,66.66666666666666,True,False,57.14285714285714,0.816496580927726
ACCIDENT FUND,ACCIDENT FUND,0,100,100,100,100,100.0,True,True,100.0,0.9999999999999998
ACE BERMUDA INSURANCE,ACE BERMUDA INSURANCE,0,100,100,100,100,100.0,True,True,100.0,1.0000000000000002
1 ACOS,1 ACOS/SCOT,1,71,100,71,100,33.33333333333333,True,False,54.54545454545454,0.7071067811865475
3S NETWORKS EIRELI,3S NETWORKS ME,0,81,96,81,88,50.0,True,False,66.66666666666666,0.6666666666666669
A P TECHNOLOGY,A M TECHNOLOGY,0,93,93,93,93,50.0,True,True,92.85714285714286,1.0
A R,A R ENGINEERING,1,33,100,33,100,66.66666666666666,True,False,20.0,0.0
A ANGELONI COMPANHIA,A ANGELONI CIA,1,82,92,82,83,50.0,True,False,60.0,0.4999999999999999
ADAMS KEEGAN,ADAMS FOAM,0,64,75,64,67,33.33333333333333,True,False,50.0,0.4999999999999999
ADAPTIVE OPTICS,ADAPTIVE OPTICS ASSOCIATES,1,73,100,73,100,66.66666666666666,True,False,57.692307692307686,0.816496580927726
ADAPTIVE OPTICS,ADAPTIVE INSIGHTS,0,69,81,69,70,33.33333333333333,True,False,58.82352941176471,0.4999999999999999
ADCO INDUSTRIES,ADCO GROUP,0,48,67,48,57,33.33333333333333,True,False,40.0,0.4999999999999999
ADCOS INDUSTRIAL E COMERCIO,ADCOS INDUSTRIA E COMERCIO,1,98,96,98,98,60.0,True,True,55.55555555555556,0.6666666666666669
ADDOC ADMINISTRACION DOCUMENTOS,ADDOC,1,28,100,28,100,33.33333333333333,True,False,16.129032258064516,0.5773502691896258
ADECCO USA,ADECCO TERTIAIRE,1,62,82,62,75,33.33333333333333,True,False,43.75,0.4999999999999999
ADEMCO RES HEADQUARTERS US,ADEMCO,1,38,100,38,100,25.0,True,False,23.076923076923077,0.5
ADEXUS PERU,ADEXUS PERU A,1,92,100,92,100,66.66666666666666,True,False,84.61538461538461,0.9999999999999998
ADEXUS PERU,ADEXUS CHILE,0,70,78,70,71,33.33333333333333,True,False,58.333333333333336,0.4999999999999999
ADIDAS CHILE,ADIDAS ARGENTINA,0,57,74,57,67,33.33333333333333,True,False,43.75,0.4999999999999999
ADIDAS CHILE ,ADIDAS CHILE SUCURSAL DEL PERU,0,60,100,57,100,40.0,True,False,43.333333333333336,0.6324555320336758
ADISTEC BOLIVIA,ADISTEC ARGENTINA,0,62,75,62,64,33.33333333333333,True,False,47.05882352941176,0.4999999999999999
ADISTEC MIAMI,ADISTEC ECUADOR,0,64,76,64,70,33.33333333333333,True,False,53.333333333333336,0.4999999999999999
ADITIVOS MEXICANOS ADITIVOS MEXICANOS,ADITIVOS MEXICANOS,1,65,100,65,100,100.0,True,True,48.64864864864865,0.9999999999999998
ADM PARAGUAY SRL ADM PARAGUAY,ADM PARAGUAY SRL,0,71,100,71,100,100.0,True,False,55.172413793103445,0.9622504486493764
ADMINISTRACIAAN PORTUARIA INTEGRAL MANZANILLO,ADMINISTRACIAAN PORTUARIA INTEGRAL ENSENADA,0,84,90,77,88,60.0,True,False,77.77777777777779,0.75
ADMINISTRACION COMPENSACIONES POR ACCIDENTES AUTOMOVILES,ADMINISTRACION COMPENSACION POR ACCIDENTES AUTOMOVILES,1,98,96,98,98,66.66666666666666,True,True,50.0,0.7999999999999999
ADMINISTRACION SEGUROS SALUD PR,ADMINISTRACION SEGUROS SALUD,1,95,100,95,100,75.0,True,False,90.32258064516128,0.8660254037844388
ADMINISTRACION SEGUROS DESALUD PUERTO RICO,ADMINISTRACION SEGUROS SALUD PUERTO RICO,1,98,95,83,98,66.66666666666666,True,True,54.761904761904766,0.7999999999999999
ADITUS SRL,ADIUM PHARMA,0,55,62,55,55,0.0,False,False,25.0,0.0
ADMINISTRACION FEDERAL INGRESOS PUBLICOS,ADMINISTRACION FEDERAL INGRESOS PUBLICOSAFIP,0,95,100,95,95,60.0,True,False,90.9090909090909,0.75
ADMINISTRACION GENERAL PUERTOS,ADMINISTRACION GENERAL PUERTOS SE,1,95,100,95,100,75.0,True,False,90.9090909090909,0.8660254037844388
ADMINISTRATIVE OFFICE OF US COURTS,ADMINISTRATIVE OFFICE OF UNITED STATES COURTS,1,86,87,84,95,57.14285714285714,True,True,57.77777777777777,0.7302967433402215
ADVANCED COMMUNICATION TECHNOLOGIES,ADVANCED COMMUNICATIONS TECHNOLOGY,1,93,97,93,93,20.0,True,False,62.857142857142854,0.3333333333333334
ADVANCED MICRO SERVICES,ADVANCED MICRO DEVICES,0,93,91,67,93,50.0,True,False,69.56521739130434,0.6666666666666669
ADVANCED SCIENCES TECHNOLOGY,ADVANCED SCIENCE TECHNOLOGIES,0,91,96,91,91,20.0,True,False,55.172413793103445,0.3333333333333334
ADVANSIX CHESTERFIELD PLANT ADVANSIX,ADVANSIX CHESTERFIELD PLANT,1,86,100,86,100,100.0,True,False,75.0,0.9428090415820636
ADVENTIST HEALTH CARE,ADVENTIST HEALTH CARE ADVENTIST HEALTH SYSTEM/SUNBELT,1,57,100,57,100,75.0,True,False,39.62264150943396,0.8703882797784893
ADVENTIST HEALTH SYSTEM SUNBEL,ADVENTIST HEALTH SYSTEM SUNBELT,1,98,100,98,98,60.0,True,False,96.7741935483871,0.75
ADVOCATE HEALTH AND HOSPITALS A,ADVOCATE HEALTH AND HOSPITALS,1,97,100,97,100,80.0,True,False,93.54838709677419,1.0
ADVOCATE HEALTH CARE NETWORK A,ADVOCATE HEALTH CARE NETWORK,1,97,100,97,100,80.0,True,False,93.33333333333333,1.0
AEG WORLDWIDE PO 23598,AEG WORLDWIDE PO 24090,0,86,90,86,86,60.0,True,False,86.36363636363636,0.75
AEGON DIRECT MARKETING SERVICES,AEGON DIRECT MARKETING SERVICE,1,98,100,98,98,60.0,True,False,96.7741935483871,0.75
AEQUITAS INNOVATIONS C O Q9,AEQUITAS INNOVATIONS,1,85,100,85,100,40.0,True,False,74.07407407407408,0.816496580927726
AEROJET ROCKETDYNE HOLDINGS,AEROJET ROCKETDYNE OPERATIONS,1,82,85,82,82,50.0,True,False,65.51724137931035,0.6666666666666669
AFFILIATED COMPUTER SERVICES,AFFILIATED COMPUTER SERVICES I,1,97,100,97,100,75.0,True,False,93.33333333333333,1.0000000000000002
AGENCE METROPOLITAINE TRANSPORTATION,AGENCE METROPOLITAINE TRANSPORTATION RSEAU TRANSPORT MTROPOLITAIN,1,71,100,71,100,50.0,True,False,55.38461538461539,0.7071067811865477
AGENCIA BRASILEIRA INTELIGENCIA ABIN,AGENCIA BRASILEIRA INTELIGENCIA,1,93,100,93,100,75.0,True,False,86.11111111111111,0.8660254037844388
AFLAC DISTRICT OFFFICE,AFLAC DISTRICT OFFICE,1,98,95,98,98,50.0,True,False,81.81818181818183,0.6666666666666669
AFLAC DISTRICT SALES OFFICE,AFLAC DISTRICT SALES SERVICE,1,87,88,73,87,60.0,True,False,75.0,0.75
AFLAC REGINAL OFFICE,AFLAC REGIONAL OFFICE,1,98,95,98,98,50.0,True,True,52.38095238095239,0.6666666666666669
SERVICIO EXTREMENO SALUD,SALUD EXTREMADURA,1,49,55,59,63,25.0,False,False,4.166666666666666,0.408248290463863
SERVICIO EXTREMENO SALUD,JUNTA EXTREMADURA,0,44,55,44,44,0.0,False,False,0.0,0.0
HASBRO AUSTRALIA,HASBRO,1,55,100,55,100,50.0,True,False,37.5,0.7071067811865475
HASBRO AUSTRALIA,HASBRO HASBRO,1,69,80,69,100,50.0,True,False,56.25,0.7071067811865475
HASBRO AUSTRALIA,HASBRO INTERNATIONAL,1,67,69,39,67,33.33333333333333,True,False,40.0,0.4999999999999999
AMICORP MANAGEMENT INDIA,AMICORP HOLDING,0,51,71,62,64,25.0,True,False,33.33333333333333,0.408248290463863
AMICORP MANAGEMENT INDIA,AMICORP HOLDINGS,0,50,69,60,61,25.0,True,False,33.33333333333333,0.408248290463863
AMICORP HOLDING,AMICORP HOLDINGS,1,97,100,97,97,33.33333333333333,True,False,93.75,0.4999999999999999
INDITEX,INDITEX_SA,1,82,100,82,100,0.0,False,False,70.0,0.0
MANTECH INTERNATIONAL,MANTECH MBI,different ,56,90,44,78,33.33333333333333,True,False,38.095238095238095,0.4999999999999999
MANTECH INTERNATIONAL,MANTECH MSM SECURITY SERVICES,different ,52,56,32,52,20.0,True,False,27.586206896551722,0.35355339059327373
MANTECH INTERNATIONAL,MANTECH SECURITY,different ,59,74,38,61,33.33333333333333,True,False,42.857142857142854,0.4999999999999999
MANTECH INTERNATIONAL,MANTECH SECURITY TECHNOLOGIES,different ,56,63,40,56,25.0,True,False,31.03448275862069,0.408248290463863
MANTECH INTERNATIONAL,MANTECH TELECOMMUNICATIONS AND INFORMATION SYSTEMS,different ,48,69,45,51,16.666666666666664,True,False,18.0,0.3162277660168379
MANTECH INTERNATIONAL,MANTECH,different ,50,100,50,100,50.0,True,False,33.33333333333333,0.7071067811865475
MANTECH INTERNATIONAL,MANTECH FEDERAL,different ,67,73,67,67,33.33333333333333,True,False,47.61904761904761,0.4999999999999999
MANTECH INTERNATIONAL,MANTECH ADVANCED SYSTEMS INTERNATIONAL,different ,71,82,71,100,50.0,True,True,21.052631578947366,0.7071067811865475
MANTECH INTERNATIONAL,MANTECH COMMAND CONTROL SYSTEMS,different ,50,59,50,50,20.0,True,False,35.483870967741936,0.35355339059327373
MANTECH INTERNATIONAL,MANTECH CYBER SOLUTIONS INTERNATIONAL,different ,72,81,72,100,50.0,True,True,27.027027027027028,0.7071067811865475
MANTECH INTERNATIONAL,MANTECH ELECTRONICS INTEROPERABILITY SERVICES,different ,48,65,48,50,20.0,True,False,20.0,0.35355339059327373
CSX,CSX INTERMODAL,0,35,100,35,100,50.0,True,False,21.428571428571427,0.7071067811865475
CSX,CSX TECHNOLOGY,0,35,100,35,100,50.0,True,False,21.428571428571427,0.7071067811865475
CSX,CSX TRANSPORTATION,0,29,100,29,100,50.0,True,False,16.666666666666664,0.7071067811865475
CSX,CAMBODIA SECURITIES EXCHANGE (CSX),0,16,100,17,100,0.0,False,False,2.941176470588235,0.5
AL RUYA BILINGUAL SCHOOL,NEW HORIZONS BILINGUAL SCHOOL,0,72,83,68,80,33.33333333333333,False,True,0.0,0.5
AL RUYA BILINGUAL SCHOOL,SAINT PATRICK BILINGUAL SCHOOL,0,74,83,70,80,33.33333333333333,False,True,3.3333333333333335,0.5
NORTHROP GRUMMAN SYSTEMS,NORTHROP GRUMMAN SYSTEM,1,98,100,98,98,50.0,True,False,95.83333333333334,0.6666666666666669
NORTHROP GRUMMAN SYSTEMS,NORTHROP GRUMMAN NORTHROP GRUMMAN SYSTEMS,1,74,100,74,100,100.0,True,True,43.90243902439025,0.9622504486493764
NORTHROP GRUMMAN SYSTEMS,NORTHROP GRUMMAN SYSTEMS COR,1,92,100,92,100,75.0,True,False,85.71428571428571,0.8660254037844388
NORTHROP GRUMMAN SYSTEMS,NORTHROP GRUMMAN SYSTEMS CORPORATIO,1,81,100,81,100,75.0,True,False,68.57142857142857,0.8660254037844388
NORTHROP GRUMMAN SYSTEMS,NORTHROP GRUMMAN SYSTEMS NORTHROP GRUMMAN,1,74,100,74,100,100.0,True,False,58.536585365853654,0.9622504486493764
DXC TECHNOLOGY SERVICES,DXC TECHNOLOGY INDIA,1,74,86,74,82,50.0,True,False,65.21739130434783,0.6666666666666669
DXC TECHNOLOGY SERVICES,DXC TECHNOLOGY SERVICES,0,100,100,100,100,100.0,True,True,100.0,1.0000000000000002
DXC TECHNOLOGY SERVICES,DXC TECHNOLOGY NORGE AS,0,78,82,74,78,40.0,True,False,73.91304347826086,0.5773502691896258
DXC TECHNOLOGY SERVICES,DXC TECHNOLOGY SPAIN,0,79,89,79,82,50.0,True,False,69.56521739130434,0.6666666666666669
DXC TECHNOLOGY,DXC TECHNOLOGIES,1,87,96,87,87,33.33333333333333,True,False,81.25,0.4999999999999999
DXC TECHNOLOGY,DXC TECHNOLOGIES INDIA,0,72,96,72,72,25.0,True,False,59.09090909090909,0.408248290463863
DXC TECHNOLOGY,DXC TECHNOLOGY (M) SDN,1,78,100,82,100,50.0,True,False,63.63636363636363,0.816496580927726
DXC TECHNOLOGY,DXC TECHNOLOGY (VPC OPERATIONS),0,62,100,65,100,50.0,True,False,45.16129032258064,0.7071067811865475
DXC TECHNOLOGY,DXC TECHNOLOGY (VPC OPERATIONS) ESHELTER FACILITY SERVICES GMBH,0,36,100,37,100,25.0,True,False,22.22222222222222,0.4999999999999999
DXC TECHNOLOGY AUSTRALIA PTY,DXC TECHNOLOGY AUSTRALIA PTY,0,100,100,100,100,100.0,True,True,100.0,1.0
DXC TECHNOLOGY GERMANY DATACENTER E43,DXC TECHNOLOGY SPAIN,0,60,86,60,82,33.33333333333333,True,False,40.54054054054054,0.5163977794943223
DXC TECHNOLOGY GERMANY DATACENTER E43,DXC TECHNOLOGY (VPC OPERATIONS) ESHELTER FACILITY SERVICES GMBH,1,54,63,51,55,18.181818181818183,True,False,26.984126984126984,0.3162277660168379
SAMSUNG AUSTIN SEMICONDUCTOR,SAMSUNG ,0,44,100,40,100,33.33333333333333,True,False,28.57142857142857,0.5773502691896258
SAMSUNG AUSTIN SEMICONDUCTOR,SAMSUNG ELECTRONICS (SUZHOU) SEMICONDUCTOR,0,69,69,71,86,40.0,True,True,19.047619047619047,0.5773502691896258
SAMSUNG CARD,SAMSUNG,0,74,100,74,100,50.0,True,False,58.333333333333336,0.7071067811865475
INSTITUTO NACIONAL TRAUMATOLOGIA E ORTOPEDIA INTO,INSTITUTO NACIONAL VIAS INVIAS,0,61,78,61,75,25.0,True,False,40.816326530612244,0.4472135954999579
INSTITUTO NACIONAL TRAUMATOLOGIA E ORTOPEDIA INTO,INSTITUTO NACIONAL TECNOLOGIA INDUSTRIAL,0,67,74,63,74,25.0,True,False,44.89795918367347,0.4472135954999579
OHIO WESLEYAN UNIVERSITY,OHIO STATE UNIVERSITY,0,80,71,67,83,50.0,True,True,29.166666666666668,0.6666666666666669
OHIO WESLEYAN UNIVERSITY,OHIO STATE UNIVERSITY MEDICAL CENTER,0,60,80,50,77,33.33333333333333,True,False,19.444444444444446,0.5163977794943223
OXYA,LA POSTE OXYA,0,47,100,47,100,33.33333333333333,False,True,0.0,0.5773502691896258
OXYA,OXYA,0,100,100,100,100,100.0,True,True,100.0,1.0
OXYA,OXYA,0,100,100,100,100,100.0,True,True,100.0,1.0
ANHEUSER BUSCH,ANHEUSER BUSCH ANHEUSERBUSCH INCORPORATED,1,51,100,51,100,50.0,True,False,34.146341463414636,0.7071067811865475
ANHEUSER BUSCH,ANHEUSERBUSCH,1,96,92,96,96,0.0,False,False,57.14285714285714,0.0
ANHEUSER BUSCH,ANHEUSERBUSCH COMPANIES,1,70,96,70,70,0.0,False,False,34.78260869565217,0.0
ANHEUSER BUSCH,ANHEUSERBUSCH INBEV,0,79,96,79,79,0.0,False,False,42.10526315789473,0.0
ANHEUSER BUSCH,ANHEUSERBUSCH INBEV ?CHINA?,0,63,96,67,67,0.0,False,False,29.629629629629626,0.0
EQUIFAX CANADA,EQUIFAX CANADA,0,100,100,100,100,100.0,True,True,100.0,0.9999999999999998
EQUIFAX CANADA,EQUIFAX,0,67,100,67,100,50.0,True,False,50.0,0.7071067811865475
TRIBUNAL JUSTICA DO DISTRITO FEDERAL E TERRITORIOS TJDFT,TRIBUNAL JUSTICA DO DISTRITO FEDERAL E DOS TERRITORIOS,1,91,96,91,96,77.77777777777779,True,False,73.21428571428571,0.8571428571428569
TRIBUNAL JUSTICA DO DISTRITO FEDERAL E TERRITORIOS TJDFT,TRIBUNAL JUSTICA DO DISTRITO FEDERAL,1,78,100,78,100,62.5,True,False,64.28571428571429,0.8451542547285165
BANFIELD PET HOSPITAL,BANFIELD HOSPITAL,1,89,76,89,100,66.66666666666666,True,True,42.857142857142854,0.816496580927726
INTERMEDIA,INTERMEDIX,0,90,95,90,90,0.0,False,False,90.0,0.0
INTERMEDIA,INTERMEDIA COMUNICACIONES,0,57,100,57,100,50.0,True,False,40.0,0.7071067811865475
INTERMEDIA,INTERMEDIA HOLDINGS,0,69,100,69,100,50.0,True,False,52.63157894736842,0.7071067811865475
INTERMEDIA,INTERMEDIA NET,0,83,100,83,100,50.0,True,False,71.42857142857143,0.7071067811865475
INTERMEDIA,INTERMEDIA PARTNERS,0,69,100,69,100,50.0,True,False,52.63157894736842,0.7071067811865475
SASKATCHEWAN GOVERNMENT INSURANCE,SASKATCHEWAN GOVERNMENT,1,82,100,82,100,66.66666666666666,True,False,69.6969696969697,0.816496580927726
SASKATCHEWAN GOVERNMENT INSURANCE,SASKATCHEWAN GOVERNMENT I,1,86,100,86,96,50.0,True,False,75.75757575757575,0.816496580927726
BOC INTERNATIONAL HOLDINGS,BOC INTERNATIONAL HONG KONG,1,83,92,83,83,40.0,True,False,74.07407407407408,0.5773502691896258
BOC INTERNATIONAL HOLDINGS,BOC HONG KONG (HOLDINGS),1,64,59,67,71,16.666666666666664,True,False,15.384615384615385,0.5773502691896258
BOC INTERNATIONAL HOLDINGS,BOC HONG KONG (GROUP) (HK),1,38,51,46,46,14.285714285714285,True,False,15.384615384615385,0.25819888974716115
NOKIA SHANGHAI BELL,NOKIA SIEMENS NETWORKS (SHANGHAI),1,54,65,64,85,16.666666666666664,True,False,21.21212121212121,0.5773502691896258
SEOCHO GU OFFICE,SEOCHOGU OFFICE,1,97,93,84,84,25.0,False,True,43.75,0.408248290463863
SEOCHO GU OFFICE,SEODAEMUNGU OFFICE,1,71,72,59,59,25.0,False,True,16.666666666666664,0.408248290463863
SEOCHO GU OFFICE,SEODAEMUNGU CITY MANAGEMENT PUBLIC,1,36,48,32,32,0.0,False,False,11.76470588235294,0.0
EMIRATES NBD,EMIRATES NBD,0,100,100,100,100,100.0,True,True,100.0,0.9999999999999998
EMIRATES NBD,EMIRATES NBD BANK,0,83,100,83,100,66.66666666666666,True,False,70.58823529411765,0.816496580927726
EMIRATES NBD,EMIRATES OF SAUDI ARABIA,same ,56,86,56,80,20.0,True,False,37.5,0.35355339059327373
YINZHOU BANK,NINGBO YINZHOU RURAL COMMERCIAL BANK,1,50,75,50,100,40.0,False,True,8.333333333333332,0.6324555320336758
BUREAU VERITAS MALI,BUREAU VERITAS,0,85,100,85,100,66.66666666666666,True,False,73.68421052631578,0.816496580927726
BUREAU VERITAS MALI,BUREAU VERITAS HOLDINGS,0,81,88,81,85,50.0,True,False,69.56521739130434,0.6666666666666669
CPC TAIWAN,CPC FINANCE,0,67,74,67,67,33.33333333333333,True,False,36.36363636363637,0.4999999999999999
CPC TAIWAN,CROWN PRINCE COURT CPC,0,31,46,38,46,20.0,False,False,9.090909090909092,0.35355339059327373
SWISSCOM SCHWEIZ AG,SWISSCOM (SCHWEIZ) AG,1,95,89,100,100,50.0,True,True,42.857142857142854,1.0000000000000002
SWISSCOM SCHWEIZ AG,SWISSCOM AG,1,73,90,73,100,66.66666666666666,True,True,47.368421052631575,0.816496580927726
SWISSCOM SCHWEIZ AG,SWISSCOM,1,59,100,59,100,33.33333333333333,True,False,42.10526315789473,0.5773502691896258
SYSTEX CORPORARTION,SYSTEX,1,48,100,48,100,50.0,True,False,31.57894736842105,0.7071067811865475
SYSTEX CORPORARTION,SYTEX,0,42,80,42,42,0.0,False,False,10.526315789473683,0.0
SYSTEX CORPORARTION,SYTEX GROUP,0,53,73,53,53,0.0,False,False,21.052631578947366,0.0
MITAC COMPUTERKUNSHAN,MITAC COMPUTER (SHUNDE),0,77,83,67,81,25.0,True,False,60.86956521739131,0.408248290463863
MEO SERVICOS COMUNICACOES EMULTIMEDIA,MEO,1,15,100,15,100,25.0,True,False,8.108108108108109,0.5
SAUR,SAUR FRANCE,1,53,100,53,100,50.0,True,False,36.36363636363637,0.7071067811865475
SAUR,SAUR STEREAU,1,50,100,50,100,50.0,True,False,33.33333333333333,0.7071067811865475
DC OFFICE OF CHIEF TECHNOLOGY OFFICER,DC OFFICE OF CTO,1,60,93,53,86,42.857142857142854,True,False,37.83783783783784,0.6123724356957946
FUJITSU TECHNOLOGY SOLUTIONS GMBH,FUJITSU TECHNOLOGY SOLUTIONS GMBH FJ GCF FI EMEIA,1,80,100,80,100,50.0,True,False,67.3469387755102,0.7071067811865475
FUJITSU TECHNOLOGY SOLUTIONS GMBH,FUJITSU TECHNOLOGY SOLUTIONS GMBH FJ GCF FI EMEIAR,1,80,100,80,100,50.0,True,False,66.0,0.7071067811865475
FUJITSU TECHNOLOGY SOLUTIONS GMBH,FUJITSU TECHNOLOGY SOLUTIONS GMBH FTS ORDER FULFIL,1,80,100,80,100,57.14285714285714,True,False,66.0,0.7559289460184544
FUJITSU TECHNOLOGY SOLUTIONS GMBH,FUJITSU TECHNOLOGY SOLUTIONS GMBH HERR MARC JUNGEN,1,80,100,80,100,57.14285714285714,True,False,66.0,0.7559289460184544
FUJITSU TECHNOLOGY SOLUTIONS GMBH,FUJITSU TECHNOLOGY SOLUTIONS,1,92,100,92,100,75.0,True,False,84.84848484848484,0.8660254037844388
FUJITSU TECHNOLOGY SOLUTIONS GMBH,FUJITSU TDS GMBH,1,61,72,61,86,40.0,True,True,27.27272727272727,0.5773502691896258
COMSCORE,COMSCORE COMSCORE,1,64,100,64,100,100.0,True,True,47.05882352941176,1.0
COMSCORE,COMSCORE NETWORKS,1,64,100,64,100,50.0,True,False,47.05882352941176,0.7071067811865475
CHINA MOBILE GROUP SICHUAN,CHINA MOBILE GROUP SHANXI,0,90,91,90,90,60.0,True,False,76.92307692307693,0.75
UNIVERSITY OF NEBRASKA,UNIVERSITY OF NEBRASKA AT KEARNEY,0,80,100,80,100,60.0,True,False,66.66666666666666,0.7745966692414834
UNIVERSITY OF NEBRASKA,UNIVERSITY OF NEBRASKA AT LINCOLN,0,80,100,80,100,60.0,True,False,66.66666666666666,0.7745966692414834
CONAIR,CONAIR,0,100,100,100,100,100.0,True,True,100.0,1.0
CONAIR,CONAIR LL ,1,75,100,80,100,50.0,True,False,60.0,0.7071067811865475
WHOLE FOODS,WHOLE FOODS MARKET LP,1,69,100,69,100,50.0,True,False,52.38095238095239,0.7071067811865475
WHOLE FOODS,WHOLE FOODS MARKET NA REGION,1,56,100,56,100,40.0,True,False,39.285714285714285,0.6324555320336758
WHOLE FOODS,WHOLE FOODS MARKET SERVICES,1,58,100,58,100,50.0,True,False,40.74074074074074,0.7071067811865475
YASKAWA ELECTRIC AMERICA,YASKAWA AMERICA,1,77,75,77,100,66.66666666666666,True,True,37.5,0.816496580927726
SPIN VFX,SPIN VFX,0,100,100,100,100,100.0,True,True,100.0,0.9999999999999998
SPIN VFX,SPIN,0,67,100,67,100,50.0,True,False,50.0,0.7071067811865475
URBAN REDEVELOPMENT AUTHORITY,URBAN REDEVELOPMENT AUTHORITY,0,100,100,100,100,100.0,True,True,100.0,1.0000000000000002
URBAN REDEVELOPMENT AUTHORITY,URBAN RENEWAL AUTHORITY,0,77,67,77,79,50.0,True,True,34.48275862068966,0.6666666666666669
HATTHA KAKSEKAR,HATTHA BANK,1,69,86,46,71,33.33333333333333,True,False,53.333333333333336,0.4999999999999999
HANGZHOU WATER INDUSTRY GROUP,HANGZHOU WATER GROUP,1,82,86,82,100,75.0,True,True,55.172413793103445,0.8660254037844388
HANGZHOU WATER INDUSTRY GROUP,HANGZHOU WATER GROUP XIANGFU WATER PLANT,1,64,82,70,82,50.0,True,False,42.5,0.7071067811865475
SUNCORP CORPORATE SERVICES PTY,SUNCORP,1,38,100,38,100,25.0,True,False,23.333333333333332,0.5
SUNCORP CORPORATE SERVICES PTY,SUNCORPMETWAY,1,47,70,33,33,0.0,False,False,23.333333333333332,0.0
TIBCO SOFTWARE INDIA,TIBCO,0,40,100,40,100,33.33333333333333,True,False,25.0,0.5773502691896258
TIBCO SOFTWARE INDIA,TIBCO SOFTWARE,0,82,100,82,100,66.66666666666666,True,False,70.0,0.816496580927726
TIBCO SOFTWARE,TIBCO,1,53,100,53,100,50.0,True,False,35.714285714285715,0.7071067811865475
ADNOC REFINING,ADNOC REFINING,0,100,100,100,100,100.0,True,True,100.0,0.9999999999999998
ALBERTS ORGANICS,ALBERT'S ORGANICS,1,97,94,91,97,33.33333333333333,False,True,35.294117647058826,0.4999999999999999
ALBERTSONS COMPANIES,ALBERTSON'S COMPANIES,1,98,95,93,98,33.33333333333333,False,True,42.857142857142854,0.4999999999999999
ALCALDIA ENVIGADO,ALCALDIA ENVIGADO,1,100,100,100,100,100.0,True,True,100.0,0.9999999999999998
ALCALDIA ENVIGADO MUNICIPIO ENVIGADO,ALCALDIA ENVIGADO,1,64,100,64,100,66.66666666666666,True,True,47.22222222222222,0.8660254037844388
ALCOA WORLD ALUMINA BRASIL,ALCOA WORLD ALUMINA,0,84,100,84,100,75.0,True,False,73.07692307692307,0.8660254037844388
IS GROUP BV,IS GROUP BV,0,100,100,100,100,100.0,True,True,100.0,1.0000000000000002
IS GROUP BV,IS GROUP BV,1,100,100,100,100,100.0,True,True,100.0,1.0000000000000002
KONINKLIJKE KPN NV,KONINKLIJKE KPN NV,0,100,100,100,100,100.0,True,True,100.0,1.0000000000000002
KONINKLIJKE KPN NV,KONINKLIJKE KPN NV,1,100,100,100,100,100.0,True,True,100.0,1.0000000000000002
KPN,KPN,0,100,100,100,100,100.0,True,True,100.0,1.0
KPN,KPN,1,100,100,100,100,100.0,True,True,100.0,1.0
KPN,KPN BV,0,67,100,67,100,50.0,True,False,50.0,0.7071067811865475
KPN BV,KPN BV,0,100,100,100,100,100.0,True,True,100.0,0.9999999999999998
KPN BV,KPN BV,1,100,100,100,100,100.0,True,True,100.0,0.9999999999999998
KPN BV MOBILE,KPN,0,38,100,38,100,33.33333333333333,True,False,23.076923076923077,0.5773502691896258
KPN BV MOBILE,KPN BV,0,63,100,63,100,66.66666666666666,True,False,46.15384615384615,0.816496580927726
KPN BV MOBILE,KPN BV MOBILE,0,100,100,100,100,100.0,True,True,100.0,1.0000000000000002
KPN CORPORATE MARKET BV,KPN CORPORATE MARKET BV,0,100,100,100,100,100.0,True,True,100.0,1.0
KPN CORPORATE MARKET BV,KPN,0,23,100,23,100,25.0,True,False,13.043478260869565,0.5
KPN CORPORATE MARKET BV TAV ACCOUNTS PAYABLE,KPN CORPORATE MARKET BV TAV ACCOUNTS PAYABLE,0,100,100,100,100,100.0,True,True,100.0,0.9999999999999997
KPN CORPORATE MARKET BV TAV ACCOUNTS PAYABLE,KPN CORPORATE MARKET BV TAV ACCOUNTS PAYABLE,1,100,100,100,100,100.0,True,True,100.0,0.9999999999999997
KPN CORPORATE MARKET BV TAV ACCOUNTS PAYABLE,KPN,0,13,100,13,100,14.285714285714285,True,False,6.8181818181818175,0.3779644730092272
KPN EURORINGS BV,KPN EURORINGS BV,0,100,100,100,100,100.0,True,True,100.0,1.0000000000000002
KPN EURORINGS BV,KPN EURORINGS BV,1,100,100,100,100,100.0,True,True,100.0,1.0000000000000002
KPN EURORINGS BV,KPN,0,32,100,32,100,33.33333333333333,True,False,18.75,0.5773502691896258
KPN IT SOLUTIONS,KPN IT SOLUTIONS,0,100,100,100,100,100.0,True,True,100.0,1.0000000000000002
KPN IT SOLUTIONS,KPN,0,32,100,32,100,33.33333333333333,True,False,18.75,0.5773502691896258
KPN ITNL,KPN ITNL,0,100,100,100,100,100.0,True,True,100.0,0.9999999999999998
KPN ITNL,KPN ITNL,1,100,100,100,100,100.0,True,True,100.0,0.9999999999999998
KPN ITNL,KPN,0,55,100,55,100,50.0,True,False,37.5,0.7071067811865475
KPN MOBILE HOLDING BV,KPN MOBILE HOLDING BV,0,100,100,100,100,100.0,True,True,100.0,1.0
KPN MOBILE HOLDING BV,KPN MOBILE HOLDING BV,1,100,100,100,100,100.0,True,True,100.0,1.0
KPN MOBILE HOLDING BV,KPN,0,25,100,25,100,25.0,True,False,14.285714285714285,0.5
KPN MOBILE INTERNATIONAL BV,KPN MOBILE INTERNATIONAL BV,0,100,100,100,100,100.0,True,True,100.0,1.0
KPN MOBILE INTERNATIONAL BV,KPN MOBILE INTERNATIONAL BV,1,100,100,100,100,100.0,True,True,100.0,1.0
KPN MOBILE INTERNATIONAL BV,KPN,0,20,100,20,100,25.0,True,False,11.11111111111111,0.5
KPN MOBILE NV,KPN MOBILE NV,0,100,100,100,100,100.0,True,True,100.0,1.0000000000000002
KPN MOBILE NV,KPN MOBILE NV,1,100,100,100,100,100.0,True,True,100.0,1.0000000000000002
KPN MOBILE NV,KPN,0,38,100,38,100,33.33333333333333,True,False,23.076923076923077,0.5773502691896258
KPN TELECOM BV,KPN TELECOM BV,0,100,100,100,100,100.0,True,True,100.0,1.0000000000000002
KPN TELECOM BV,KPN TELECOM BV,1,100,100,100,100,100.0,True,True,100.0,1.0000000000000002
KPN TELECOM BV,KPN,0,35,100,35,100,33.33333333333333,True,False,21.428571428571427,0.5773502691896258
KPN TELFORT BV,KPN TELFORT BV,0,100,100,100,100,100.0,True,True,100.0,1.0000000000000002
KPN TELFORT BV,KPN TELFORT BV,1,100,100,100,100,100.0,True,True,100.0,1.0000000000000002
KPN TELFORT BV,KPN,0,35,100,35,100,33.33333333333333,True,False,21.428571428571427,0.5773502691896258
KPN TELFORT BV,KPN TELECOM BV,0,79,79,79,79,50.0,True,True,71.42857142857143,0.6666666666666669
KPN WHOLESALES AFDELING W O WS CUST OMER PERFORMAN,KPN WHOLESALES AFDELING W O WS CUST OMER PERFORMAN,0,100,100,100,100,100.0,True,True,100.0,0.9999999999999997
KPN WHOLESALES AFDELING W O WS CUST OMER PERFORMAN,KPN WHOLESALES AFDELING W O WS CUST OMER PERFORMAN,1,100,100,100,100,100.0,True,True,100.0,0.9999999999999997
KPN WHOLESALES AFDELING W O WS CUST OMER PERFORMAN,KPN,0,11,100,11,100,11.11111111111111,True,False,6.0,0.3779644730092272
KPNEURORINGS BV,KPNEURORINGS BV,0,100,100,100,100,100.0,True,True,100.0,0.9999999999999998
KPNEURORINGS BV,KPNEURORINGS BV,1,100,100,100,100,100.0,True,True,100.0,0.9999999999999998
KPNEURORINGS BV,KPN,0,33,100,33,33,0.0,False,False,20.0,0.0
ROUTIT BV,ROUTIT BV,0,100,100,100,100,100.0,True,True,100.0,0.9999999999999998
ROUTIT BV,ROUTIT BV,1,100,100,100,100,100.0,True,True,100.0,0.9999999999999998
TELFORT BV,TELFORT BV,0,100,100,100,100,100.0,True,True,100.0,0.9999999999999998
TELFORT BV,TELFORT BV,1,100,100,100,100,100.0,True,True,100.0,0.9999999999999998
TELFORT SERVICES BV,TELFORT SERVICES BV,0,100,100,100,100,100.0,True,True,100.0,1.0000000000000002
TELFORT SERVICES BV,TELFORT SERVICES BV,1,100,100,100,100,100.0,True,True,100.0,1.0000000000000002
TELFORT SERVICES BV,TELFORT BV,0,69,89,69,100,66.66666666666666,True,True,42.10526315789473,0.816496580927726
TELFORT ZAKELIJK BV,TELFORT ZAKELIJK BV,0,100,100,100,100,100.0,True,True,100.0,1.0000000000000002
TELFORT ZAKELIJK BV,TELFORT ZAKELIJK BV,1,100,100,100,100,100.0,True,True,100.0,1.0000000000000002
BUDERUS EDELSTAHLWERKE NL BV,BUDERUS EDELSTAHLWERKE NL BV,0,100,100,100,100,100.0,True,True,100.0,1.0
BUDERUS EDELSTAHLWERKE NL BV,BUDERUS EDELSTAHLWERKE NL BV,1,100,100,100,100,100.0,True,True,100.0,1.0
LSV MINERVA,LSV MINERVA,0,100,100,100,100,100.0,True,True,100.0,0.9999999999999998
LSV MINERVA,LSV MINERVA,1,100,100,100,100,100.0,True,True,100.0,0.9999999999999998
LUCHTVERKEERSLEID SCHIPHO RAYMOND PIJNENBURG,LUCHTVERKEERSLEID SCHIPHO RAYMOND PIJNENBURG,0,100,100,100,100,100.0,True,True,100.0,1.0
LUCHTVERKEERSLEID SCHIPHO RAYMOND PIJNENBURG,LUCHTVERKEERSLEID SCHIPHO RAYMOND PIJNENBURG,1,100,100,100,100,100.0,True,True,100.0,1.0
LUCHTVERKEERSLEIDING,LUCHTVERKEERSLEIDING,0,100,100,100,100,100.0,True,True,100.0,1.0
LUCHTVERKEERSLEIDING,LUCHTVERKEERSLEIDING,1,100,100,100,100,100.0,True,True,100.0,1.0
LUCHTVERKEERSLEIDING,LUCHTVERKEERSLEID SCHIPHO RAYMOND PIJNENBURG,0,62,92,62,62,0.0,False,False,38.63636363636363,0.0
LUCHTVERKEERSLEIDING NEDERLAND,LUCHTVERKEERSLEIDING NEDERLAND,0,100,100,100,100,100.0,True,True,100.0,0.9999999999999998
LUCHTVERKEERSLEIDING NEDERLAND,LUCHTVERKEERSLEIDING NEDERLAND,1,100,100,100,100,100.0,True,True,100.0,0.9999999999999998
LUCHTVERKEERSLEIDING NEDERLAND,LUCHTVERKEERSLEIDING,0,80,100,80,100,50.0,True,False,66.66666666666666,0.7071067811865475
LUCHTVERKEERSLEIDING NEDERLAND,LUCHTVERKEERSLEID SCHIPHO RAYMOND PIJNENBURG,0,62,75,68,68,0.0,False,False,40.909090909090914,0.0
LUCHTVERKEERSLEIDING NEDERLAND MAGAZIJN,LUCHTVERKEERSLEIDING NEDERLAND MAGAZIJN,0,100,100,100,100,100.0,True,True,100.0,1.0000000000000002
LUCHTVERKEERSLEIDING NEDERLAND MAGAZIJN,LUCHTVERKEERSLEIDING NEDERLAND MAGAZIJN,1,100,100,100,100,100.0,True,True,100.0,1.0000000000000002
LUCHTVERKEERSLEIDING NEDERLAND MAGAZIJN,LUCHTVERKEERSLEIDING NEDERLAND,0,87,100,87,100,66.66666666666666,True,False,76.92307692307693,0.816496580927726
LUCHTVERKEERSLEIDING NEDERLAND MAGAZIJN,LUCHTVERKEERSLEIDING,0,68,100,68,100,33.33333333333333,True,False,51.28205128205128,0.5773502691896258
LUCHTVERKEERSLEIDING NEDERLANDS,LUCHTVERKEERSLEIDING NEDERLANDS,0,100,100,100,100,100.0,True,True,100.0,0.9999999999999998
LUCHTVERKEERSLEIDING NEDERLANDS,LUCHTVERKEERSLEIDING NEDERLANDS,1,100,100,100,100,100.0,True,True,100.0,0.9999999999999998
LUCHTVERKEERSLEIDING NEDERLANDS,LUCHTVERKEERSLEIDING NEDERLAND MAGAZIJN,0,86,98,86,86,25.0,True,False,76.92307692307693,0.408248290463863
LUCHTVERKEERSLEIDING NEDERLANDS,LUCHTVERKEERSLEIDING NEDERLAND,0,98,100,98,98,33.33333333333333,True,False,96.7741935483871,0.4999999999999999
LUCHTVERKEERSLEIDING NEDERLANDS,LUCHTVERKEERSLEIDING,0,78,100,78,100,50.0,True,False,64.51612903225806,0.7071067811865475
H PRODUCTFULFILMENT BV,H PRODUCTFULFILMENT BV,0,100,100,100,100,100.0,True,True,100.0,0.9999999999999998
H PRODUCTFULFILMENT BV,H PRODUCTFULFILMENT BV,1,100,100,100,100,100.0,True,True,100.0,0.9999999999999998
NEDERLANDS KANKER INSTITUUT,NEDERLANDS KANKER INSTITUUT,0,100,100,100,100,100.0,True,True,100.0,1.0000000000000002
NEDERLANDS KANKER INSTITUUT,NEDERLANDS KANKER INSTITUUT,1,100,100,100,100,100.0,True,True,100.0,1.0000000000000002
NKI,NKI,0,100,100,100,100,100.0,True,True,100.0,1.0
NKI,NKI,1,100,100,100,100,100.0,True,True,100.0,1.0
STICHTING BIOMED NKI AVL,STICHTING BIOMED NKI AVL,0,100,100,100,100,100.0,True,True,100.0,1.0
STICHTING BIOMED NKI AVL,STICHTING BIOMED NKI AVL,1,100,100,100,100,100.0,True,True,100.0,1.0
MEDISIZE,MEDISIZE,0,100,100,100,100,100.0,True,True,100.0,1.0
MEDISIZE,MEDISIZE,1,100,100,100,100,100.0,True,True,100.0,1.0
MODULAR LIGHTING NEDERLAND BV,MODULAR LIGHTING NEDERLAND BV,0,100,100,100,100,100.0,True,True,100.0,1.0
MODULAR LIGHTING NEDERLAND BV,MODULAR LIGHTING NEDERLAND BV,1,100,100,100,100,100.0,True,True,100.0,1.0
PHILIPS,PHILIPS,0,100,100,100,100,100.0,True,True,100.0,1.0
PHILIPS,PHILIPS,1,100,100,100,100,100.0,True,True,100.0,1.0
PHILIPS ELECTRONICS NEDERLAND,PHILIPS ELECTRONICS NEDERLAND,0,100,100,100,100,100.0,True,True,100.0,1.0000000000000002
PHILIPS ELECTRONICS NEDERLAND,PHILIPS ELECTRONICS NEDERLAND,1,100,100,100,100,100.0,True,True,100.0,1.0000000000000002
PHILIPS ELECTRONICS NEDERLAND,PHILIPS,0,39,100,39,100,33.33333333333333,True,False,24.137931034482758,0.5773502691896258
PHILIPS ELECTRONICS NEDERLAND BV,PHILIPS ELECTRONICS NEDERLAND BV,0,100,100,100,100,100.0,True,True,100.0,1.0
PHILIPS ELECTRONICS NEDERLAND BV,PHILIPS ELECTRONICS NEDERLAND BV,1,100,100,100,100,100.0,True,True,100.0,1.0
PHILIPS ELECTRONICS NEDERLAND BV,PHILIPS ELECTRONICS NEDERLAND,0,95,100,95,100,75.0,True,False,90.625,0.8660254037844388
US FOODSERVICE,US FOOSERVICE,1,96,92,96,96,33.33333333333333,True,False,42.857142857142854,0.4999999999999999
US FOREST SERVICE ROCKY MOUNTAIN,US FOREST SERVICE ROCKY MTN,1,92,96,92,92,66.66666666666666,True,False,78.125,0.7999999999999999
CHINA MOBILE GROUP GUANGXI BAISE BRANCH,CHINA MOBILE GROUP GUANGXI BEIHAI BRANCH,0,94,92,94,94,71.42857142857143,True,True,72.5,0.8333333333333336
CHINA MOBILE GROUP GUANGXI BAISE BRANCH,CHINA MOBILE GROUP GUANGXI CHONGZUO BRANCH,0,84,85,81,92,71.42857142857143,True,True,64.28571428571429,0.8333333333333336
CHINA MOBILE GROUP GUANGXI BAISE BRANCH,CHINA MOBILE GROUP GUANGXI FANGCHENGGANG BRANCH,0,84,86,77,92,71.42857142857143,True,True,59.57446808510638,0.8333333333333336
CHINA MOBILE GROUP GUANGXI BAISE BRANCH,CHINA MOBILE GROUP GUANGXI GUIGANG BRANCH,0,88,85,82,92,71.42857142857143,True,True,68.29268292682927,0.8333333333333336
CHINA MOBILE GROUP GUANGXI BAISE BRANCH,CHINA MOBILE GROUP GUANGXI GUILIN BRANCH,0,89,87,84,92,71.42857142857143,True,True,70.0,0.8333333333333336
CHINA MOBILE GROUP GUANGXI BAISE BRANCH,CHINA MOBILE GROUP GUANGXI HECHI BRANCH,0,90,90,85,92,71.42857142857143,True,True,87.17948717948718,0.8333333333333336
CHINA MOBILE GROUP GUANGXI BAISE BRANCH,CHINA MOBILE GROUP GUANGXI HEZHOU BRANCH,0,89,87,84,92,71.42857142857143,True,True,67.5,0.8333333333333336
CHINA MOBILE GROUP GUANGXI BAISE BRANCH,CHINA MOBILE GROUP GUANGXI LAIBIN BRANCH,0,91,90,84,92,71.42857142857143,True,True,72.5,0.8333333333333336
CHINA MOBILE GROUP GUANGXI BAISE BRANCH,CHINA MOBILE GROUP GUANGXI LIUZHOU BRANCH,0,88,85,82,92,71.42857142857143,True,True,65.85365853658537,0.8333333333333336
CHINA MOBILE GROUP GUANGXI BAISE BRANCH,CHINA MOBILE GROUP GUANGXI NANNING BRANCH,0,90,87,82,92,71.42857142857143,True,True,68.29268292682927,0.8333333333333336
CHINA MOBILE GROUP GUANGXI BAISE BRANCH,CHINA MOBILE GROUP GUANGXI QINZHOU BRANCH,0,88,85,82,92,71.42857142857143,True,True,65.85365853658537,0.8333333333333336
CHINA MOBILE GROUP GUANGXI BAISE BRANCH,CHINA MOBILE GROUP GUANGXI WUZHOU BRANCH,0,86,85,84,92,71.42857142857143,True,True,67.5,0.8333333333333336
CHINA MOBILE GROUP GUANGXI BAISE BRANCH,CHINA MOBILE GROUP GUANGXI YULIN BRANCH,0,90,90,85,92,71.42857142857143,True,True,87.17948717948718,0.8333333333333336
CHINA MOBILE GROUP GUANGDONG CHAOZHOU BRANCH,CHINA MOBILE GROUP GUANGDONG DONGGUAN BRANCH,0,86,86,82,89,71.42857142857143,True,True,81.81818181818183,0.8333333333333336
CHINA MOBILE GROUP GUANGDONG CHAOZHOU BRANCH,CHINA MOBILE GROUP GUANGDONG FOSHAN BRANCH,0,88,86,84,91,71.42857142857143,True,True,65.9090909090909,0.8333333333333336
CHINA MOBILE GROUP GUANGDONG CHAOZHOU BRANCH,CHINA MOBILE GROUP GUANGDONG GUANGZHOU BRANCH,0,92,91,79,92,71.42857142857143,True,True,66.66666666666666,0.8333333333333336
CHINA MOBILE GROUP GUANGDONG CHAOZHOU BRANCH,CHINA MOBILE GROUP GUANGDONG HEYUAN BRANCH,0,88,86,81,91,71.42857142857143,True,True,65.9090909090909,0.8333333333333336
CHINA MOBILE GROUP GUANGDONG CHAOZHOU BRANCH,CHINA MOBILE GROUP GUANGDONG HUIZHOU BRANCH,0,94,93,80,94,71.42857142857143,True,True,65.9090909090909,0.8333333333333336
CHINA MOBILE GROUP GUANGDONG CHAOZHOU BRANCH,CHINA MOBILE GROUP GUANGDONG JIANGMEN BRANCH,0,84,84,80,89,71.42857142857143,True,True,84.0909090909091,0.8333333333333336
CHINA MOBILE GROUP GUANGDONG CHAOZHOU BRANCH,CHINA MOBILE GROUP GUANGDONG JIEYANG BRANCH,0,85,84,80,90,71.42857142857143,True,True,65.9090909090909,0.8333333333333336
CHINA MOBILE GROUP GUANGDONG CHAOZHOU BRANCH,CHINA MOBILE GROUP GUANGDONG MAOMING BRANCH,0,87,86,80,90,71.42857142857143,True,True,65.9090909090909,0.8333333333333336
CHINA MOBILE GROUP GUANGDONG CHAOZHOU BRANCH,CHINA MOBILE GROUP GUANGDONG MEIZHOU BRANCH,0,92,91,80,92,71.42857142857143,True,True,65.9090909090909,0.8333333333333336
CHINA MOBILE GROUP GUANGDONG CHAOZHOU BRANCH,CHINA MOBILE GROUP GUANGDONG QINGYUAN BRANCH,0,84,84,80,89,71.42857142857143,True,True,81.81818181818183,0.8333333333333336
CHINA MOBILE GROUP GUANGDONG CHAOZHOU BRANCH,CHINA MOBILE GROUP GUANGDONG SHANTOU BRANCH,0,92,91,80,92,71.42857142857143,True,True,70.45454545454545,0.8333333333333336
CHINA MOBILE GROUP GUANGDONG CHAOZHOU BRANCH,CHINA MOBILE GROUP GUANGDONG SHANWEI BRANCH,0,87,86,80,90,71.42857142857143,True,True,70.45454545454545,0.8333333333333336
CHINA MOBILE GROUP GUANGDONG CHAOZHOU BRANCH,CHINA MOBILE GROUP GUANGDONG SHENZHEN BRANCH,0,89,89,80,89,71.42857142857143,True,True,88.63636363636364,0.8333333333333336
CHINA MOBILE GROUP GUANGDONG CHAOZHOU BRANCH,CHINA MOBILE GROUP GUANGDONG YANGJIANG BRANCH,0,83,82,79,89,71.42857142857143,True,True,64.44444444444444,0.8333333333333336
CHINA MOBILE GROUP GUANGDONG CHAOZHOU BRANCH,CHINA MOBILE GROUP GUANGDONG YUNFU BRANCH,0,87,86,82,92,71.42857142857143,True,True,65.9090909090909,0.8333333333333336
CHINA MOBILE GROUP GUANGDONG CHAOZHOU BRANCH,CHINA MOBILE GROUP GUANGDONG ZHANJIANG BRANCH,0,85,86,79,89,71.42857142857143,True,True,68.88888888888889,0.8333333333333336
CHINA MOBILE GROUP GUANGDONG CHAOZHOU BRANCH,CHINA MOBILE GROUP GUANGDONG ZHAOQING BRANCH,0,89,89,80,89,71.42857142857143,True,True,88.63636363636364,0.8333333333333336
CHINA MOBILE GROUP GUANGDONG CHAOZHOU BRANCH,CHINA MOBILE GROUP GUANGDONG ZHONGSHAN BRANCH,0,88,86,79,89,71.42857142857143,True,True,66.66666666666666,0.8333333333333336
CHINA MOBILE GROUP GUANGDONG CHAOZHOU BRANCH,CHINA MOBILE GROUP GUANGDONG ZHUHAI BRANCH,0,91,88,81,91,71.42857142857143,True,True,68.18181818181817,0.8333333333333336
CHINA MOBILE GROUP FUJIAN NINGDE BRANCH,CHINA MOBILE GROUP FUJIAN PUTIAN BRANCH,0,90,90,90,90,71.42857142857143,True,True,84.61538461538461,0.8333333333333336
CHINA MOBILE GROUP FUJIAN NINGDE BRANCH,CHINA MOBILE GROUP FUJIAN QUANZHOU BRANCH,0,85,82,85,90,71.42857142857143,True,True,63.41463414634146,0.8333333333333336
CHINA MOBILE GROUP FUJIAN NINGDE BRANCH,CHINA MOBILE GROUP FUJIAN SANMING BRANCH,0,94,92,94,94,71.42857142857143,True,True,67.5,0.8333333333333336
CHINA MOBILE GROUP FUJIAN NINGDE BRANCH,CHINA MOBILE GROUP FUJIAN XIAMEN BRANCH,0,90,90,90,90,71.42857142857143,True,True,87.17948717948718,0.8333333333333336
CHINA MOBILE GROUP FUJIAN NINGDE BRANCH,CHINA MOBILE GROUP FUJIAN ZHANGZHOU BRANCH,0,86,82,86,90,71.42857142857143,True,True,61.904761904761905,0.8333333333333336
CHINA MOBILE GROUP FUJIAN NANPING BRANCH,CHINA MOBILE GROUP FUJIAN NINGDE BRANCH,0,94,92,94,94,71.42857142857143,True,True,70.0,0.8333333333333336
GUANGZHOU AUTOMOBILE GROUP RND CENTER,GUANGZHOU AUTOMOBILE GROUP FINANCE,0,85,90,82,87,50.0,True,False,72.97297297297297,0.6708203932499369
GUANGZHOU AUTOMOBILE GROUP RND CENTER,GUANGZHOU AUTOMOBILE GROUP COMPONENT,0,85,87,85,85,50.0,True,False,72.97297297297297,0.6708203932499369
GENERAL COMISSION FOR SURVEY,GENERAL COMMISSION OF SURVEY,1,93,93,86,93,33.33333333333333,True,True,71.42857142857143,0.5
INSTITUTE OF PUBLIC ADMINISTRATION,INSTITUTE OF PUBLICADMINISTRATION,1,99,97,57,81,40.0,True,False,55.88235294117647,0.5773502691896258
INSTITUTE OF PUBLIC ADMINISTRATIO,INSTITUTE OF PUBLIC ADMINISTRATION,1,99,100,99,99,60.0,True,False,97.05882352941177,0.75
IPA INSTITUTE OF PUBLIC ADMINISTRATION,IPAINSTITUTE OF PUBLIC ADMINISTRATION,1,99,97,91,91,50.0,False,True,7.894736842105263,0.6708203932499369
MINISTRY OF COMMUNICATION AND IT,MINISTRY OF COMMUNICATIONS AND INFORMATION TECHNOLOGY MCIT,1,71,97,71,71,33.33333333333333,True,False,43.103448275862064,0.50709255283711
KKU KING KHALID UNIVERSITY,KING KHALID UNIVERSITYKKU,1,86,94,86,86,40.0,False,False,3.8461538461538463,0.5773502691896258
KING KHALED UNIVERSITYKKU,KING KHALED UNIVERSITY (KKU),1,94,94,86,86,40.0,True,False,78.57142857142857,0.5773502691896258
KING KHALED UNIVERSITYKKU,KING KHALED UNIVERSITY,1,94,100,94,94,50.0,True,False,88.0,0.6666666666666669
NATIONAL GUARD HEALTH AFFAIRS (NGHA),NATIONAL GUARD HEALTH AFFAIRS NGHA,1,97,97,100,100,66.66666666666666,True,False,83.33333333333334,0.9999999999999999
MINISTRY OF JUSTICE MOJ,MINISTY OF JUSTICE MOJ,1,98,95,98,98,60.0,False,True,26.08695652173913,0.75
MINISTRY OF JUSTICE MOJ,MINISTRY OF JUSTICE (MOJ),1,96,96,100,100,60.0,True,False,80.0,1.0
REGIE L ENERGIE,REGIE LENERGIE,0,97,93,90,90,25.0,True,False,46.666666666666664,0.4999999999999999
REFRESCOS BANDEIRANTES INDUSTRIAL E COMERCIO,REFRESCOS BANDEIRANTES INDUSTRY COM,1,86,92,86,86,28.57142857142857,True,False,68.18181818181817,0.5
REFINERIA CARTAGENA,REFINERIA CARTAGENA SAS,1,90,100,90,100,66.66666666666666,True,False,82.6086956521739,0.816496580927726
REFINERIA CARTAGA,REFINERIA CARTAGENA SAS,1,85,97,85,85,25.0,True,False,69.56521739130434,0.408248290463863
REFINERIA CARTAGA,REFINERIA CARTAGENA,1,94,97,94,94,33.33333333333333,True,False,84.21052631578947,0.4999999999999999
REED ELSEVIER,REED ELSEVIER TECHNOLOGY SERVICES,1,57,100,57,100,50.0,True,False,39.39393939393939,0.7071067811865475
TERREBONNE PARISH CONSOLIDATED,TERREBONNE PARISH CLERK OF COURT,0,71,82,68,72,33.33333333333333,True,False,59.375,0.5163977794943223
UNIVERSITI MALAYSIA TERENGGANU,UNIVERSITI MALAYSIA TERENGGANU (UMT),1,91,100,94,100,75.0,True,False,83.33333333333334,0.8660254037844388
FELDA PALM INDUSTRIES SDN,FELDA PRODATA SYSTEMS SDN,0,68,68,52,60,33.33333333333333,True,True,48.0,0.5
CHINA MOBILE GROUP GUANGXI HECHI BRANCH,CHINA MOBILE GROUP GUANGXI HEZHOU BRANCH,0,94,92,94,94,71.42857142857143,True,True,75.0,0.8333333333333336
CHINA MOBILE GROUP GUANGXI GUIGANG BRANCH,CHINA MOBILE GROUP GUANGXI GUILIN BRANCH,0,94,92,94,94,71.42857142857143,True,True,75.60975609756098,0.8333333333333336
CHINA MOBILE GROUP GUANGXI CHONGZUO BRANCH,CHINA MOBILE GROUP GUANGXI GUIGANG BRANCH,0,87,85,80,89,71.42857142857143,True,True,64.28571428571429,0.8333333333333336
CHINA MOBILE GROUP GUANGXI BEIHAI BRANCH,CHINA MOBILE GROUP GUANGXI CHONGZUO BRANCH,0,85,84,80,90,71.42857142857143,True,True,64.28571428571429,0.8333333333333336
CHINA MOBILE GROUP GUANGXI BAISE BRANCH,CHINA MOBILE GROUP GUANGXI BEIHAI BRANCH,0,94,92,94,94,71.42857142857143,True,True,72.5,0.8333333333333336
ABEL SMITH SCHOOL ANGELO LUCA,ABEL SMITH SCHOOL WOODHALL CHARITABLE TRUST,0,64,78,56,74,37.5,True,False,46.51162790697674,0.5477225575051662
YOUR HEALTH CARE,YOUR HEALTHCARE CIC,1,86,97,74,74,20.0,True,False,57.89473684210527,0.3333333333333334
YORK AND SCARBOROUGH TEACHING HOSPITALS NHS FOUNDATION TRUST,YORK AND SCARBOROUGH TEACHING HOSPITALS NHS FOUNDATION TRUST,1,100,100,100,100,100.0,True,True,100.0,0.9999999999999999
SDIS 78,SDIS 84,0,86,92,86,86,33.33333333333333,True,False,71.42857142857143,0.4999999999999999
SDIS 12,SDIS 49,0,71,83,71,73,33.33333333333333,True,False,71.42857142857143,0.4999999999999999
SDIS 12,SDIS 14,0,86,92,86,86,33.33333333333333,True,False,85.71428571428571,0.4999999999999999
METZ METROPOLE,METZ METROPOLE DEVELOPPEMENT,1,67,100,67,100,66.66666666666666,True,False,50.0,0.816496580927726
JOAO DANIEL FILMES,JOAO FORTES ENGENHARIA,0,40,55,55,55,20.0,True,False,31.818181818181817,0.3333333333333334
JOB CORPS CENTER,JOB CORPS DATA CENTER,1,86,77,86,100,75.0,True,True,47.61904761904761,0.8660254037844388
JHSF ADMINIST DO CAT AEROP EXEC,JHSF ADMINISTRADORA DO CATARINA AEROPORTO EXECUTIVO,1,76,75,76,76,20.0,True,False,27.450980392156865,0.3333333333333334
JHU APL,JHUAPL,1,92,83,46,46,0.0,False,False,42.857142857142854,0.0
LG ENERGY SOLUTION TECHNOLOGY (NANJING),LG ENERGY SOLUTION BATTERY (NANJING),0,85,81,73,87,66.66666666666666,True,True,51.28205128205128,0.7999999999999999
LG ENERGY SOLUTION (NANJING),LG ENERGY SOLUTION TECHNOLOGY (NANJING),1,84,81,83,100,80.0,True,True,48.717948717948715,0.8944271909999159
LG ELECTRONICS(HUIZHOU),LG ELECTRONICS(KUNSHAN),0,78,82,77,78,33.33333333333333,True,False,78.26086956521739,0.6666666666666669
LG ELECTRONICS NANJING BATTERY PACK,LG ELECTRONICS NANJING VEHICLE COMPONENTS,0,68,80,68,77,42.857142857142854,True,False,58.536585365853654,0.6
LG CHEM DISPLAY MATERIALS (BEIJING),LG CHEM DISPLAY MATERIALS(BEIJING),1,99,97,100,100,50.0,True,False,71.42857142857143,0.9999999999999999
LG CHEM KOREA,LG CHEM CHINA INVESTMENT,0,49,76,49,70,40.0,True,False,37.5,0.5773502691896258
BANK OF AMERICA MERRIL LYNCH,MERRILL LYNCH ,1,57,92,59,59,16.666666666666664,False,True,3.571428571428571,0.3162277660168379
MERRILL LYNCH,MERRILL LYNCH EUROPE,1,79,100,79,100,66.66666666666666,True,False,65.0,0.816496580927726
VIRGIN MONEY,VIRGIN MONEY GROUP,1,80,100,80,100,66.66666666666666,True,False,66.66666666666666,0.816496580927726
FPT RETAIL,FPT INVESTMENT,0,50,67,50,50,33.33333333333333,True,False,28.57142857142857,0.4999999999999999
FPT TELECOM INTERNATIONAL,FPT INTERNATIONAL TELECOM,1,68,81,100,100,100.0,True,False,24.0,1.0000000000000002
SUMITOMO MITSUI ASSET MANAGEME,SUMITOMO MITSUI DS ASSET MANAGEMENT,0,92,90,92,92,50.0,True,False,48.57142857142857,0.6708203932499369
LOTTE MITSUI CHEMICALS,MITSUI BUSSAN CHEMICALS,0,71,68,71,84,50.0,False,True,8.695652173913043,0.6666666666666669
KUMHO MITSUI CHEMICALS,MITSUI BUSSAN CHEMICALS,0,71,68,71,84,50.0,False,True,4.3478260869565215,0.6666666666666669
LOTTE MITSUI CHEMICALS,KUMHO MITSUI CHEMICALS,0,82,90,82,84,50.0,False,True,77.27272727272727,0.6666666666666669
MITSUI BUSSAN CHEMICALS,MITSUI BUSSAN METALS,0,84,82,84,84,50.0,True,False,60.86956521739131,0.6666666666666669
SUMITOMO MITSUI DS ASSET MANAGEMENT (HK),SUMITOMO MITSUI DS ASSET MANAGEMENT,1,93,100,96,100,83.33333333333334,True,False,87.5,0.9128709291752769
MITSUI SUMITOMO INSURANCE (CHINA),MITSUI SUMITOMO INSURANCE (THAILAND BRANCH),0,84,92,78,89,50.0,True,False,65.11627906976744,0.6708203932499369
MITSUI SUMITOMO INSURANCE,MITSUI SUMITOMO INSURANCE (CHINA),0,86,100,89,100,75.0,True,False,75.75757575757575,0.8660254037844388
MITSUI SEAFOODS,MITSUISOKO (U ),0,60,72,67,67,0.0,False,False,40.0,0.0
PERSAN,OPERSAN RESIDUOS INDUSTRIAIS,0,35,100,35,35,0.0,False,False,0.0,0.0
SALEM FIVE CENTS SAVINGS,SALEM FIVE CENTS SAVINGS,1,100,100,100,100,100.0,True,True,100.0,1.0
SALEM FIVE CENTS SAVINGS,SALEM FIVE BANK,0,67,85,62,80,40.0,True,False,50.0,0.5773502691896258
SALEM FIVE,SALEM FIVE BANK,1,80,100,80,100,66.66666666666666,True,False,66.66666666666666,0.816496580927726
TRIBUNAL SUPERIOR ELEITORAL,TRIBUNAL SUPERIOR ELEITORAL TRIBUNAL SUPERIOR ELEITORAL,1,66,100,66,100,100.0,True,True,49.09090909090909,1.0000000000000002
TRIBUNAL SUPERIOR ELEITORAL,TRIBUNAL SUPREMO ELECCIONES,0,74,78,74,74,20.0,True,False,51.85185185185185,0.3333333333333334
TRIBUNAL SUPERIOR ELEITORAL,TRIBUNAL SUPREMO ELECTORAL,0,87,85,87,87,20.0,True,False,48.148148148148145,0.3333333333333334
TRIBUNAL SUPERIOR ELEITORAL,TRIBUNAL SUPERIOR ELEITORAL TSE,1,93,100,93,100,75.0,True,False,87.09677419354838,0.8660254037844388
TRIBUNE PUBLISHING,TRIBUNE PUBLISHING COLUMBIA DA,1,75,100,75,100,50.0,True,False,60.0,0.7071067811865475
TRIDENT COMPUTER RESOURCES,TRIDENT COMPUTER RESOURCES TRIDENT COMPUTER RESOURCES,1,66,100,66,100,100.0,True,True,49.056603773584904,1.0000000000000002
TRIDENT COMPUTER RESOURCES,TRIDENT AUTOMATION,0,55,69,55,56,25.0,True,False,30.76923076923077,0.408248290463863
TRICOT,TRIDIUM,0,46,67,46,46,0.0,False,False,42.857142857142854,0.0
TRICOT,TRIHEALTH,0,53,67,53,53,0.0,False,False,33.33333333333333,0.0
TRICOT,TRIFORSEC,0,53,73,53,53,0.0,False,False,44.44444444444444,0.0
TRIDIUM,TRIHEALTH,0,38,60,38,38,0.0,False,False,33.33333333333333,0.0
TRIDIUM,TRIFORSEC,0,38,60,38,38,0.0,False,False,33.33333333333333,0.0
HIGH TECHNOLOGY INDUSTRIES BV,VIETTEL HIGH TECHNOLOGY INDUSTRIES (VHT),0,81,97,78,95,50.0,False,False,7.5,0.6708203932499369
HIGH TECHNOLOGY INDUSTRIES BV,HAVEN HIGH TECHNOLOGY COLLEGE,0,59,71,59,68,33.33333333333333,False,False,3.4482758620689653,0.5
CASELLA WASTE MGMT,CASELLA WASTE MANAGEMENT,1,86,91,86,86,50.0,True,False,62.5,0.6666666666666669
CASELLA WASTE MGMT,CASELLA WASTE MANAGEMENT CASELLA WASTE MANAGEMENT,1,54,91,54,86,50.0,True,False,30.612244897959183,0.6666666666666669
CASELLA WASTE MGMT,CASELLA WASTE SYSTEMS,1,77,88,77,84,50.0,True,False,71.42857142857143,0.6666666666666669
CASELLA WASTE MGMT,CASELLA WASTE SYSTEMS CASILLA WASTE SYSTEMS,1,52,88,56,84,40.0,True,False,34.883720930232556,0.5477225575051663
CASELLA WASTE SYSTEMS,CASELLA WASTE SYSTEMS CASILLA WASTE SYSTEMS,1,66,100,66,100,75.0,True,True,48.837209302325576,0.9128709291752771
BANCO COMPARTAMOS,BANCO CONSORCIO,0,62,70,62,62,33.33333333333333,True,False,52.94117647058824,0.4999999999999999
BANCO CONTINENTAL SAECA,BANCO CONTINENTAL SAECA BANCO CONTINENTAL SAECA,1,66,100,66,100,100.0,True,True,48.93617021276596,1.0000000000000002
BANCO CONTINENTAL SAECA,BANCO COOPERATIVO SICREDI,0,54,59,54,54,20.0,True,False,40.0,0.3333333333333334
EMPRESA MUNICIPAL INFORMATICA,EMPRESA NACIONAL AUTOPISTA,0,65,67,51,65,20.0,True,False,31.03448275862069,0.3333333333333334
EMPRESA PORTUARIA NACIONAL SANTO TOMAS CASTILLA,EMPRESA PORTUARIA NACIONAL SANTO TOMAS CASTILLAS,1,99,100,99,99,71.42857142857143,True,False,97.91666666666666,0.8333333333333336
EMPRESA PORTUARIA NACIONAL SANTO TOMAS CASTILLA,EMPRESA PORTUARIA NACIONAL SANTO TOMAS CASTILLA EMPORNAC,1,91,100,91,100,85.71428571428571,True,False,83.92857142857143,0.9258200997725515
EMPRESA PUBLICA DEL AGUA,EMPRESA PUBLICA DEL AGUA EPA EP,1,87,100,87,100,66.66666666666666,True,False,77.41935483870968,0.8164965809277261
EMPRESA NACIONAL TELECOMUNICACIONES,EMPRESA NACIONAL TELECOMUNICACIONES SOCIEDAD,1,89,100,89,100,75.0,True,False,79.54545454545455,0.8660254037844388
EMPRESA NACIONAL TELECOMUNICACIONES,EMPRESA NACIONAL DEL PETROLEO,0,69,81,66,71,40.0,True,False,54.285714285714285,0.5773502691896258
EMPRESA NACIONAL TELECOMUNICACIONES,EMPRESA NACIONAL INNOVACION,0,74,77,68,74,50.0,True,False,48.57142857142857,0.6666666666666669
ENAIRE,ENISA,0,55,75,55,55,0.0,False,False,33.33333333333333,0.0
EPA,EPA RTPNC,1,50,100,50,100,50.0,True,False,33.33333333333333,0.7071067811865475
EP MINERALS,EP SOLUTIONS,0,52,53,52,52,33.33333333333333,True,False,25.0,0.4999999999999999
HELLMANN WORLDWIDE LOGISTIC GMBH KG,HELLMANN WORLDWIDE LOGISTICS GMBH KG,1,99,97,99,99,66.66666666666666,True,True,75.0,0.7999999999999999
HELLMANN WORLDWIDE LOGISTIC GMBH KG,HELLMANN WORLWIDE LOGISTICS GMBH KG,1,97,97,97,97,42.857142857142854,True,True,60.0,0.6
JACKIE HAND,JACKIE MILLMAN,0,72,78,48,72,33.33333333333333,True,False,50.0,0.4999999999999999
UNIVERSO ONLINE,UOL UNIVERSO ONLINE,1,88,100,88,100,66.66666666666666,False,True,5.263157894736842,0.816496580927726
HYUNDAI GLOVIS,HYUNDAI HYSCO USA,0,65,73,58,67,25.0,True,False,47.05882352941176,0.408248290463863
HYUNDAI GLOVIS,SAINT JOHN HYUNDAI,0,44,67,44,67,25.0,False,False,5.555555555555555,0.408248290463863
BEIJING HYUNDAI AUTO FINANCE,BEIJING HYUNDAI AUTO RENTAL,0,84,88,73,85,60.0,True,False,78.57142857142857,0.75
BEIJING HYUNDAI MOTOR,BEIJING HYUNDAI TRANSYS,0,82,92,82,83,50.0,True,False,69.56521739130434,0.6666666666666669
FONDO NACIONAL SALUD,FONDO NACIONAL SALUD FONASA,1,85,100,85,100,75.0,True,False,74.07407407407408,0.8660254037844388
FONDO NACIONAL PARA EL FOMENTO LAS ARTES,FONDO NACIONAL PARA EL FOMENTO LAS ARTESANIAS,1,94,100,94,94,75.0,True,False,88.88888888888889,0.8571428571428569
MG INSURANCE,MG NONLIFE INSURANCE,0,75,91,75,100,66.66666666666666,True,True,15.0,0.816496580927726
DIGITAL HEALTH AND CARE WALES,AUSTRALIAN DIGITAL HEALTH AGENCY,0,59,72,66,72,28.57142857142857,False,False,9.375,0.4472135954999579
ABC WAREHOUSE,ABC TV NETWORK,0,44,48,44,44,25.0,True,False,28.57142857142857,0.408248290463863
ABC WAREHOUSE,ABC NEWS,0,57,77,57,57,33.33333333333333,True,False,30.76923076923077,0.4999999999999999
ABC WAREHOUSE,ABC NEWS RADIO,0,52,57,52,52,25.0,True,False,28.57142857142857,0.408248290463863
ABC WAREHOUSE,ABC SERVICES,0,56,60,56,56,33.33333333333333,True,False,46.15384615384615,0.4999999999999999
NTT DATA,NTT DATA EMEA,1,76,100,76,100,66.66666666666666,True,False,61.53846153846154,0.816496580927726
NTT DATA,NTT DATA UK,1,84,100,84,100,66.66666666666666,True,False,72.72727272727273,0.816496580927726
US SPECIAL OPERATIONS COMMAND,US SPECIAL OPERATIONS COMMAND CENTRAL,1,88,100,88,100,80.0,True,False,78.37837837837837,0.8944271909999159
US SPECIAL OPERATIONS COMMAND,US SPECIAL OPERATIONS COMMAND US SPECIAL OPERATIONS COMMAND,1,66,100,66,100,100.0,True,True,49.152542372881356,1.0
US STATE DEPARTMENT DIPLOMATIC SECURITY,US STATE DEPARTMENT OFFICE OF ACQ,0,69,77,67,73,37.5,True,False,51.28205128205128,0.5477225575051662
SECRETARIA DA FAZENDA SAO PAULO,SECRETARIA DA FAZENDA GOIAS,0,83,92,83,88,50.0,True,False,70.96774193548387,0.6708203932499369
SECRETARIA DA FAZENDA SAO PAULO,SECRETARIA DA FAZENDA PERNAMBUCO,0,83,85,83,83,50.0,True,False,68.75,0.6708203932499369
SECRETARIA DA FAZENDA DO ESTADO DO RIO JANEIRO,SECRETARIA DA FAZENDA DO ESTADO DO RIO GRANDE DO SUL,0,88,92,86,90,66.66666666666666,True,False,75.0,0.8696263565463044
DHS OFFICE OF INSPECTOR GENERAL,DHS OFFICE OF INTELLIGENCE AND ANALYSIS,0,66,76,57,63,37.5,True,False,43.58974358974359,0.5477225575051662
DHS OFFICE OF INSPECTOR GENERAL,DHS OFFICE OF CHIEF INFORMATION OFFICER,0,60,69,57,63,37.5,True,False,35.8974358974359,0.5477225575051662
DHS ICE,DHS ICE HSI ICE,1,64,100,64,100,66.66666666666666,True,True,46.666666666666664,0.8660254037844388
FEDERAL BUREAU OF INVESTIGATION,FEDERAL BUREAU OF INVESTIGATION FEDERAL BUREAU OF INVESTIGATION,1,66,100,66,100,100.0,True,True,49.2063492063492,1.0
FEDERAL BUREAU OF PRISON,FEDERAL BUREAU OF PRISONS,1,98,100,98,98,60.0,True,False,96.0,0.75
MINISTERIO DO DESENVOLVIMENTO AGRARIO,MINISTERIO DO DESENVOLVIMENTO AGRARIO MDA,1,95,100,95,100,80.0,True,False,90.2439024390244,0.8944271909999159
MINISTERIO DO TRABALHO E EMPREGO,MINISTERIO DO TRABALHO E EMPREGO MTE,1,94,100,94,100,83.33333333333334,True,False,88.88888888888889,0.8944271909999159
MINISTERIO DO TRABALHO E EMPREGO MTE,MINISTERIO DO TRABALHO E EMPREGO ,1,96,100,94,100,83.33333333333334,True,False,91.66666666666666,0.8944271909999159
STULZ AIR TECHNOLOGY SYSTEMS,STULZ AIR TECHNOLOGY SYSTEMS SHANGHAI,1,86,100,86,100,80.0,True,False,75.67567567567568,0.8944271909999159
BEIJING HORIZON INFORMATION TECHNOLOGY,BEIJING HORIZON ROBOTICS TECHNOLOGY R&D,0,78,82,78,81,50.0,True,False,43.58974358974359,0.75
IDAMENEO NO 123 PTY,IDAMENEO NO 123 PTY,1,100,100,100,100,100.0,True,True,100.0,1.0
ZHENJIANG FIRST PEOPLES HOSPITAL,ZHENJIANG FIRST PEOPLE'S HOSPITAL,1,98,97,98,98,60.0,True,True,66.66666666666666,0.75
FINANZ INFORMATIK TECHNOLOGIE SERVICE GMBH KG,FINANZ INFORMATIK TECHNOLOGIE SERVICE,1,90,100,90,100,66.66666666666666,True,False,82.22222222222221,0.8164965809277261
FINANZ INFORMATIK TECHNOLOGIE SERVICE GMBH KG,FINANZ INFORMATIK GMBH KG,1,71,84,71,100,66.66666666666666,True,True,42.22222222222222,0.8164965809277261
PHOENIX,PHOENIX ASSURANCE,1,58,100,58,100,50.0,True,False,41.17647058823529,0.7071067811865475
PMO,PMO PRIME MINISTERS OFFICE,1,21,100,21,100,25.0,True,False,11.538461538461538,0.5
PMO PRIME MINISTERS OFFICE,PMOPRIME MINISTER OFFICE,1,96,92,96,96,16.666666666666664,False,True,11.538461538461538,0.2886751345948129
PMO PRIME MINISTERS OFFICE,PRIME MINISTER OFFICE,1,89,95,89,89,40.0,False,True,3.8461538461538463,0.5773502691896258
PRIME MINISTERS OFFICE,PRIME MINISTER'S OFFICE,1,98,95,93,98,50.0,True,True,65.21739130434783,0.6666666666666669
PRIME MINISTERS OFFICE,PRIME MINISTERS OFFICE PMO,1,92,100,92,100,75.0,True,False,84.61538461538461,0.8660254037844388
PMO PRIME MINISTERS OFFICE,PRIME MINISTERS OFFICE PMO,1,85,92,100,100,100.0,False,False,7.6923076923076925,1.0
EVEREST CLINICAL RESEARCH,EVEREST CLINICAL RESEARCH SERVICE,1,86,100,86,100,75.0,True,False,75.75757575757575,0.8660254037844388
EVEREST CLINICAL RESEARCH,EVEREST PARTICIPACOES,0,57,63,48,57,25.0,True,False,40.0,0.408248290463863
EVEREST CLINICAL RESEARCH,EVEREST REINSURANCE,0,59,67,59,59,25.0,True,False,44.0,0.408248290463863
HARMONIC,PHILHARMONIC FISHERIES (QINGDAO),0,40,100,42,42,0.0,False,False,0.0,0.0
PERSONAL SERVICE RECURSOS HUMANOS ASSESSORIA EMPR,PERSONAL SERV REC HUM ASSE EMPRES,1,76,71,76,76,9.090909090909092,True,False,34.69387755102041,0.1666666666666667
PERSONAL SERVICE RECURSOS HUMANOS ASSESSORIA EMPR,PERSONAL SERVICE RECURSOS HUMANOS ASSESSORIA EMPRESARIAL,1,93,100,93,95,71.42857142857143,True,False,87.5,0.8333333333333336
PERSONAL SERVICE RECURSOS HUMANOS ASSESSORIA EMPRESARIAL,PERSONAL SERV REC HUM ASSE EMPRES,1,74,71,74,74,9.090909090909092,True,False,30.357142857142854,0.1666666666666667
PERSONNEL RECOVERY ACADEMY,PERSONNEL RECOVERY ACADEMY RECOVERY ACADEMY,1,75,100,75,100,100.0,True,True,60.46511627906976,0.9622504486493763
KOC SISTEM BILGI ILETISIM,KOC SISTEM BILGI ILETISIM HIZMAS,1,88,100,88,100,80.0,True,False,78.125,0.8944271909999159
KOC SISTEM BILGI ILETISIM,KOCSISTEM,1,53,89,53,53,0.0,False,False,12.0,0.0
KOC SISTEM BILGI ILETISIM,KOCSISTEM BILGI VE ILETISIM HIZMETLERI AS,1,73,88,73,73,25.0,False,False,9.75609756097561,0.4082482904638631
MAURITIUS COMMERCIAL BANK ,MAURITIUS COMMERCIAL BANK CONSULTING SERVICES,1,73,100,71,100,60.0,True,False,57.77777777777777,0.7745966692414834
TAISHAN PROPERTY INSURANCE,BEIJING POP MART CULTURAL CREATIVE CORPLTD,0,41,54,32,32,0.0,False,False,9.523809523809524,0.0
NCSOFT,M C SPECIALTIES,0,29,36,29,29,0.0,False,False,0.0,0.0
CUNY YORK COLLEGE,C J CLARK INTERNATIONAL,0,35,43,25,25,0.0,False,False,17.391304347826086,0.0
CUNY YORK COLLEGE,RUN RATE MARZO Q4FY15,0,32,40,26,26,0.0,False,False,9.523809523809524,0.0
CARDIF SERVICIOS,HOTELF 1 TOULOUSE RAMONVILLE,0,32,34,32,32,0.0,False,False,10.714285714285714,0.0
ARAB JORDAN INVESTMENT BANK,REDWOOD COAST DEVELOPMENT SERVICES,0,39,45,36,36,0.0,False,False,2.941176470588235,0.0
TIANJIN ZHONGHUAN SEMICONDUCTOR,KB KUBAN KREDIT,0,35,47,30,30,0.0,False,False,0.0,0.0
AEROJET ROCKETDYNE WEST,MID HUDSON CABLEVISION,0,27,32,31,31,0.0,False,False,0.0,0.0
CARLYLE GROUP,ALBERTA HEALTH REGIONS,0,34,44,34,34,0.0,False,False,4.545454545454546,0.0
OFFICE OF INSURANCE COMMISSION,BRITISH RED CROSS SOCIETY,0,40,44,40,40,0.0,False,False,3.3333333333333335,0.0
NATIONAL BANK OF UKRAINE,CMCORP SOLUCOES EM INFORMATICA,0,30,35,37,37,0.0,False,False,0.0,0.0
QATAR OLYMPIC COMMITTEE,PROVIDENT BANK,0,22,30,22,22,0.0,False,False,0.0,0.0
ZAIN KUWAIT,RABOBANK STAD EN MIDDEN GRONINGEN,0,23,36,18,18,0.0,False,False,6.0606060606060606,0.0
UTTAM GALVA STEELS,PAN ASIA TECHNICAL AUTOMOTIVE CENTER,0,30,48,33,33,0.0,False,False,2.7777777777777777,0.0
INVENTORY LOCATOR SERVICE,OKBM,0,7,25,7,7,0.0,False,False,0.0,0.0
YANCHENG DONGSHAN PRECISION MANUFACTURING,SKATTEDIRETORATET SKATTEETATEN,0,31,34,31,31,0.0,False,False,4.878048780487805,0.0
DHL INFORMATION SERVICES EUROPE SRO,ORANGE CENTRAL AFRICAN REPUBLIC,0,36,41,36,36,0.0,False,False,2.857142857142857,0.0
SHANGHAI INASERVICE INFORMATION TECHNOLOGY,KEARNY FIRE DEPARTMENT,0,34,41,34,34,0.0,False,False,4.761904761904762,0.0
T SYSTEMS INTERNATIONAL GMBH PG8108,GESPAG OO GESUNDHEITS UND SPITALS AG,0,31,35,31,31,0.0,False,False,8.333333333333332,0.0
CONSTELLATION BRANDS,ARCELOR MITTAL DUNKERQUE,0,32,39,27,27,0.0,False,False,4.166666666666666,0.0
FOUNDER FUBON FUND MANAGEMENT,GE ENERGY MANUFACTURING,0,35,41,38,38,0.0,False,False,17.24137931034483,0.0
AMIL ASSISTENCIA MEDICA INTERNACIONAL,AYUNTAMIENTO BARCELONA,0,41,54,37,37,0.0,False,False,8.108108108108109,0.0
MSCI,JARDIM ESCOLA CRESCIMENTO,0,28,75,28,28,0.0,False,False,0.0,0.0
TAKAFUL IKHLAS FAMILY BERHAD,SHROPSHIRE COMMUNITY HEALTH NH,0,31,35,24,24,0.0,False,False,0.0,0.0
GUARDIAN SAVINGS BANK,MANUFACTURAS INDUSTRIALES,0,39,43,39,39,0.0,False,False,4.0,0.0
NEWFOLD DIGITAL,JSC UMMCOCM,0,8,12,15,15,0.0,False,False,0.0,0.0
MINISTERIO DO DESENVOLVIMETO REGIONAL,DIGITAL AUDIO DISC,0,33,51,36,36,0.0,False,False,16.216216216216218,0.0
RIYAD BANK,AIR PRODUCTS CHEMICALS,0,25,30,31,31,0.0,False,False,4.545454545454546,0.0
UTAC DONGGUAN,GENERAL MILLS,0,15,25,23,23,0.0,False,False,0.0,0.0
CHILDRENS WOMENS HEALTH CENTER OF BC,HUMAN HORIZONS HOLDINGS (SHANGHAI),0,34,42,35,35,0.0,False,False,5.555555555555555,0.0
BLUE CROSS BLUE SHIELD OF KANSAS CITY,SANOFIAVENTIS,0,24,38,28,31,0.0,False,False,0.0,0.0
PT IONPAY NETWORKS,GOVERNMENT OF JAMAICA,0,26,33,26,26,0.0,False,False,4.761904761904762,0.0
KALIXA,CITY OF FREDERICKSBURG,0,7,25,7,7,0.0,False,False,0.0,0.0
RADIANT OPTOELECTRONICS,STMICROELECTRONICS NV,0,59,76,59,59,0.0,False,False,8.695652173913043,0.0
NANHAI MATERNITY CHILD HEALTHCARE HOSPITAL OF FOSHAN,TRINTECH INTERNATIONAL,0,35,50,38,38,0.0,False,False,0.0,0.0
AWE,KPMG,0,0,0,0,0,0.0,False,False,0.0,0.0
INFRAMERICA AEROPORTO INTERNACIONAL,AXIAN GROUP,0,30,55,26,26,0.0,False,False,2.857142857142857,0.0
BANGKOK SYNTHETICS,DEER HEAD HOSPITAL CENTER,0,28,37,23,23,0.0,False,False,0.0,0.0
TERADATA,PUBLICIDAD VIRTUAL,0,31,46,31,31,0.0,False,False,0.0,0.0
DUBLIN AIRPORT AUTHORITY,PROPERTY MANAGEMENT ASSOCIATES USC,0,34,38,41,41,0.0,False,False,0.0,0.0
MILAHA QATAR NAVIGATION QPSC,SCHWING AMERICA,0,28,40,28,28,0.0,False,False,10.714285714285714,0.0
CHINA MOBILE GROUP ZHEJIANG,RESCHINI GROUP,0,54,55,49,54,20.0,False,False,0.0,0.35355339059327373
I D I INSURANCE,IBIS BUDGET TOUEN CENTER RIVE GAUCH,0,36,40,32,29,0.0,False,False,2.857142857142857,0.0
BURSATEC,PONTIFICAL COLLEGE JOSEPHINUM,0,11,25,16,16,0.0,False,False,3.4482758620689653,0.0
MASS PORT AUTHORITY,VANNER,0,16,33,16,16,0.0,False,False,5.263157894736842,0.0
AYSA,ZAOQI FINANCIAL LEASING,0,15,50,22,22,0.0,False,False,0.0,0.0
GT SOLUTION,ENGICOM,0,33,40,33,33,0.0,False,False,0.0,0.0
SASKATCHEWAN GOVERNMENT INSURANCE,DECKERS OUTDOOR,0,25,33,21,21,0.0,False,False,3.0303030303030303,0.0
DIREKTORAT JENDERAL ADMINISTRASI HUKUM UMUM,CONTAR ASSESSORIA CONTABIL,0,32,42,35,35,0.0,False,False,0.0,0.0
NICE CREDIT INFORMATION SERVICE,BEIJING 27 RAILWAY ROLLING STOCK,0,38,39,38,38,0.0,False,False,0.0,0.0
KOREA INSTITUTE OF PUBLIC FINANCE,CONNECTICARE,0,31,48,31,31,0.0,False,False,3.0303030303030303,0.0
KEMENTERIAN PERDAGANGAN ANTARABANGSA DAN INDUSTRI,DISTRIBUIDORA TOYOTA A,0,28,36,34,34,0.0,False,False,4.081632653061225,0.0
RAIFFEISEN BANKA AD,ATTORNEY GENERAL HAWAII DEPARTMENT OF,0,32,42,32,32,0.0,False,False,2.7027027027027026,0.0
TATA COMMUNICATIONS,SAUDI ARAMCO GHAWAR PRODUCING,0,33,48,33,33,0.0,False,False,3.4482758620689653,0.0
DAEWON PHARMACEUTICAL,SEGUROS MONTERREY NEW YORK LIFE,0,23,30,23,23,0.0,False,False,0.0,0.0
TREASURY,YARGICI,0,27,33,27,27,0.0,False,False,0.0,0.0
MILLENNIUM PARTNERS LP,CHINA RAILWAY SIXTH GROUP,0,30,31,26,26,0.0,False,False,4.0,0.0
TAWAZUN ECONOMIC COUNCIL,LIBERTY CABLEVISION OF PUERTO RICO LIBERTY CABLEVISION OF PUERTO RICO,0,28,35,28,31,0.0,False,False,2.898550724637681,0.0
RADIAL,DELAWARE VALLEY SCHOOL DISTRICT,0,22,50,27,27,0.0,False,False,0.0,0.0
ACI INFORMATICA SPA,PREFEITURA MUNICIPAL CAMPO GRANDE,0,35,42,38,38,0.0,False,False,9.090909090909092,0.0
GTN CMC HOLDING BV,RICK MANSON,0,28,36,28,28,0.0,False,False,11.11111111111111,0.0
RENAULT USINES FRANCE,CHAUCER UNDERWRITING SERVICES,0,40,44,40,40,0.0,False,False,10.344827586206897,0.0
CHINA MOBILE GROUP ANHUI,CISION US,0,36,53,30,30,0.0,False,False,4.166666666666666,0.0
BANK OF OKLAHOMA,SOFTICS INGENIEROS SAS,0,26,31,26,26,0.0,False,False,4.545454545454546,0.0
EMPF PLATFORM,MIDDLESBROUGH COUNCIL,0,18,27,18,18,0.0,False,False,0.0,0.0
HONG KONG POLICE FORCE,SACRED HEART MEDICAL GROUP SACRED HEART HEALTH SYSTEM,0,24,36,24,26,0.0,False,False,0.0,0.0
UNITED STATES GOVERNMENT,RESEARCH FOUNDATION OF STATE UNIVERSITY OF NEW YORK,0,40,54,40,42,0.0,False,False,0.0,0.0
STATE VOLUNTEER MUTUAL INSURANCE,"JSC ""NATIONAL CABLE NETWORKS""",0,36,40,41,41,0.0,False,False,3.125,0.0
AMANA COOPERATIVE INSURANCE,NIPSCO,0,24,50,24,24,0.0,False,False,0.0,0.0
EDEKA SUDBAYERN HANDELS STIFTUNG KG,ABOUTNET CONSULTING REPRESENTACAO L,0,31,40,37,37,0.0,False,False,2.857142857142857,0.0
PUBLISHING HOUSE OF ELECTRONICS INDUSTRY,STJ SUPERIOR TRIBUNAL JUSTICA,0,38,41,35,35,0.0,False,False,0.0,0.0
UPS STORE,GRAND TETON NATIONAL PARK,0,24,35,24,24,0.0,False,False,0.0,0.0
WUHAN XINXIN SEMICONDUCTORMANUFACTURING,SAMSUNG SDI,0,24,42,28,28,0.0,False,False,2.564102564102564,0.0
SAMBA BANK,SICOOB COPERMEC,0,24,35,24,24,0.0,False,False,6.666666666666667,0.0
TOWASUZHOUCO,TATWEER PETROLEUM,0,28,32,21,21,0.0,False,False,5.88235294117647,0.0
XP INVESTIMENTOS CORRETORA CAMBIO TITULOS E VALORES MOBILIARIOS,BANK OF JIANGSU YANCHENG BRANCH,0,26,35,30,30,0.0,False,False,3.1746031746031744,0.0
ION TRADING UK,MITSUI CHILE,0,31,33,31,31,0.0,False,False,0.0,0.0
CENTRO INFORMATICO MUNICIPAL BILBAO CIMUBISA,H STERN COMERCIO E INDUSTRIAL,0,38,42,33,33,0.0,False,False,4.545454545454546,0.0
NEOM,SHANGHAI TOBACCO MACHINERY,0,20,50,20,20,0.0,False,False,0.0,0.0
AEGIS MEDIA,NORTHROP GRUMMAN GUIDANCE AND ELECTRONICS,0,23,45,31,31,0.0,False,False,0.0,0.0
BARWA REAL ESTATE GROUP,ZAGERAL,0,27,57,33,33,0.0,False,False,4.3478260869565215,0.0
CIMB THAI PCL,FRB RICHMOND,0,32,36,32,32,0.0,False,False,0.0,0.0
FOSSIL COMMERCIAL SHENZHEN LTDDONGGUAN OFFICE,TVSBT CANAL 4 SAO PAULO,0,29,35,29,29,0.0,False,False,6.666666666666667,0.0
BANQUE MISR,JOHN STARK HIGH SCHOOL,0,24,40,24,24,0.0,False,False,0.0,0.0
TAWAZUN ECONOMIC COUNCIL,CITY OF MONMOUTH,0,35,39,35,35,0.0,False,False,8.333333333333332,0.0
TUNISIE TELECOM DCSI,UMNIAH TELECOM TECHNOLOGIES,0,60,69,60,60,20.0,False,False,11.11111111111111,0.3333333333333334
EVA AIRWAYS,LEIGHTON MIDDLE SCHOOL,0,24,32,18,18,0.0,False,False,0.0,0.0
CATALENT PHARMA SOLUTIONS,TECHNASSOCIATES,0,40,40,40,40,0.0,False,False,4.0,0.0
GLOBALFOUNDRIES DRESDEN MODULE TWO KG,MAGYAR NEMZETI VAGYONKEZELO ZARTKORUEN MUKODO RESZVENYTARSASAG,0,32,41,32,32,0.0,False,False,4.838709677419355,0.0
GOIAS ASSEMBLEIA LEGISLATIVA DO ESTADO GOIAS,CAPITAL BANK,0,21,42,25,28,0.0,False,False,0.0,0.0
UNITED HEALTH GROUP,BURKE HERBERT BANK,0,38,44,27,27,0.0,False,False,10.526315789473683,0.0
SKY UK,TIVIT TERCEIRIZACAO PROCESSOS SERVICOS ETECNOLOGIA A,0,7,33,7,7,0.0,False,False,0.0,0.0
MBANK,TECH EXCELLENCE OFFICE,0,7,20,7,7,0.0,False,False,0.0,0.0
ZHEJIANG RURAL CREDIT UNION,CERNER CERNER,0,35,46,35,30,0.0,False,False,3.7037037037037033,0.0
SANDISK INDIA DEVICE DESIGN CENTER,VIDA PLENA (OPERADORA PENSIONES DEL MAGISTERIO NACIONAL),0,38,41,39,39,0.0,False,False,1.7857142857142856,0.0
CHIFENG JILONG GOLD MINING,SHANGHAI AUTOMOTIVE INDUSTRY DEVELOPING,0,37,42,40,40,0.0,False,False,5.128205128205128,0.0
FEDERAL AUTHORITY FOR IDENTITY AND CITIZENSHIP ICA,TOSHIBA ELEVATOR AND BUILDING SYSTEMS,0,37,41,41,41,9.090909090909092,False,False,2.0,0.1690308509457033
POSTFINANCE AG,SERVICIO NACIONAL MIGRACION,0,34,43,29,29,0.0,False,False,0.0,0.0
VODACOM PTY,36TH DISTRICT COURT,0,27,38,33,33,0.0,False,False,0.0,0.0
KING ABDULLA MEDICAL CITY KAMC,AT&T SOLUTIONS,0,18,29,27,27,0.0,False,False,6.666666666666667,0.0
